-- --------------------------------------------------------
-- Host:                         127.0.0.1
-- Server version:               10.4.14-MariaDB - mariadb.org binary distribution
-- Server OS:                    Win64
-- HeidiSQL Version:             11.0.0.5919
-- --------------------------------------------------------

/*!40101 SET @OLD_CHARACTER_SET_CLIENT=@@CHARACTER_SET_CLIENT */;
/*!40101 SET NAMES utf8 */;
/*!50503 SET NAMES utf8mb4 */;
/*!40014 SET @OLD_FOREIGN_KEY_CHECKS=@@FOREIGN_KEY_CHECKS, FOREIGN_KEY_CHECKS=0 */;
/*!40101 SET @OLD_SQL_MODE=@@SQL_MODE, SQL_MODE='NO_AUTO_VALUE_ON_ZERO' */;


-- Dumping database structure for shophoa
CREATE DATABASE IF NOT EXISTS `shophoa` /*!40100 DEFAULT CHARACTER SET utf8mb4 COLLATE utf8mb4_unicode_ci */;
USE `shophoa`;

-- Dumping structure for table shophoa.binhluan
CREATE TABLE IF NOT EXISTS `binhluan` (
  `bl_id` int(10) NOT NULL AUTO_INCREMENT,
  `kh_bl_noidung` text COLLATE utf8mb4_unicode_ci DEFAULT NULL,
  `kh_bl_ngay` datetime DEFAULT NULL,
  `khachhang_kh_id` int(11) NOT NULL,
  `sanpham_sp_id` int(11) NOT NULL,
  `bl_sao` int(11) DEFAULT NULL,
  PRIMARY KEY (`bl_id`),
  KEY `fk_binhluan_khachhang1_idx` (`khachhang_kh_id`),
  KEY `fk_binhluan_sanpham1_idx` (`sanpham_sp_id`),
  CONSTRAINT `fk_binhluan_khachhang1` FOREIGN KEY (`khachhang_kh_id`) REFERENCES `khachhang` (`kh_id`) ON UPDATE CASCADE,
  CONSTRAINT `fk_binhluan_sanpham1` FOREIGN KEY (`sanpham_sp_id`) REFERENCES `sanpham` (`sp_id`) ON UPDATE CASCADE
) ENGINE=InnoDB AUTO_INCREMENT=25 DEFAULT CHARSET=utf8mb4 COLLATE=utf8mb4_unicode_ci;

-- Dumping data for table shophoa.binhluan: ~18 rows (approximately)
/*!40000 ALTER TABLE `binhluan` DISABLE KEYS */;
INSERT INTO `binhluan` (`bl_id`, `kh_bl_noidung`, `kh_bl_ngay`, `khachhang_kh_id`, `sanpham_sp_id`, `bl_sao`) VALUES
	(1, 'Lorem ipsum dolor sit amet, consectetur adipiscing elit, sed do eiusmod tempor incididunt ut labore et dolore magna aliqua. Cras adipiscing enim eu turpis egestas. Vestibulum rhoncus est pellentesque elit.', '2020-10-10 21:18:11', 26, 1, 3),
	(2, '', '2020-10-10 21:20:23', 4, 1, 4),
	(3, 'noidung', '2020-10-10 21:40:36', 30, 2, 5),
	(6, '', '2020-10-16 22:24:46', 1, 1, 5),
	(7, 'sản phẩm rất đẹp', '2020-10-17 21:19:06', 4, 125, 5),
	(8, 'Hoa rất đẹp', '2020-10-18 21:40:35', 5, 20, 5),
	(9, 'Sản phẩm chưa có hình', '2020-10-20 19:24:10', 4, 119, 4),
	(10, 'Hoa đẹp và thơm', '2020-10-20 19:26:46', 4, 132, 4),
	(11, '', '2020-10-20 19:27:16', 4, 101, 5),
	(12, '', '2020-10-21 10:16:08', 1, 52, 5),
	(13, '', '2020-10-21 10:16:17', 1, 105, 4),
	(14, '', '2020-10-21 10:16:30', 1, 107, 5),
	(15, 'Hoa rất đẹp', '2020-10-21 10:20:24', 11, 5, 5),
	(16, '', '2020-10-21 10:22:32', 17, 141, 5),
	(17, '', '2020-10-21 10:22:40', 17, 21, 4),
	(18, '', '2020-10-21 10:24:53', 31, 57, 3),
	(19, '', '2020-10-21 10:25:01', 31, 94, 5),
	(20, '', '2020-10-21 10:25:08', 31, 67, 5),
	(21, '', '2020-10-27 23:40:40', 21, 72, 4),
	(22, '', '2020-10-27 23:40:48', 21, 89, 5),
	(23, '', '2020-10-27 23:41:01', 21, 129, 3),
	(24, '', '2020-10-29 00:06:18', 1, 21, 5);
/*!40000 ALTER TABLE `binhluan` ENABLE KEYS */;

-- Dumping structure for table shophoa.chude
CREATE TABLE IF NOT EXISTS `chude` (
  `cd_id` int(10) NOT NULL AUTO_INCREMENT,
  `cd_ten` varchar(50) COLLATE utf8mb4_unicode_ci DEFAULT NULL,
  `cd_mota` mediumtext COLLATE utf8mb4_unicode_ci DEFAULT NULL,
  PRIMARY KEY (`cd_id`)
) ENGINE=InnoDB AUTO_INCREMENT=17 DEFAULT CHARSET=utf8mb4 COLLATE=utf8mb4_unicode_ci;

-- Dumping data for table shophoa.chude: ~7 rows (approximately)
/*!40000 ALTER TABLE `chude` DISABLE KEYS */;
INSERT INTO `chude` (`cd_id`, `cd_ten`, `cd_mota`) VALUES
	(1, 'Sinh Nhật', 'mô tả'),
	(2, 'Lãng Mạn', 'mô tả'),
	(3, 'Hoa Cưới', 'mô tả'),
	(4, 'Hoa Chúc Mừng', 'mô tả'),
	(5, 'Hoa Xin Lỗi', 'mô tả'),
	(6, 'Chúc Sức Khỏe', 'mô tả'),
	(7, 'Hoa Khai Trương', 'mô tả');
/*!40000 ALTER TABLE `chude` ENABLE KEYS */;

-- Dumping structure for table shophoa.dondathang
CREATE TABLE IF NOT EXISTS `dondathang` (
  `ddh_id` int(11) NOT NULL AUTO_INCREMENT,
  `ddh_diachi` varchar(100) COLLATE utf8mb4_unicode_ci DEFAULT NULL,
  `ddh_tongtien` decimal(13,3) DEFAULT NULL,
  `ddh_ngaylap` datetime DEFAULT NULL,
  `ddh_ngaygiao` datetime DEFAULT NULL,
  `ddh_trangthai` int(1) DEFAULT NULL,
  `hinhthucthantoan_httt_id` int(11) NOT NULL,
  `khachhang_kh_id` int(11) NOT NULL,
  PRIMARY KEY (`ddh_id`),
  KEY `fk_dondathang_hinhthucthantoan1_idx` (`hinhthucthantoan_httt_id`),
  KEY `fk_dondathang_khachhang1_idx` (`khachhang_kh_id`),
  CONSTRAINT `fk_dondathang_hinhthucthantoan1` FOREIGN KEY (`hinhthucthantoan_httt_id`) REFERENCES `hinhthucthanhtoan` (`httt_id`) ON UPDATE CASCADE,
  CONSTRAINT `fk_dondathang_khachhang1` FOREIGN KEY (`khachhang_kh_id`) REFERENCES `khachhang` (`kh_id`) ON UPDATE CASCADE
) ENGINE=InnoDB AUTO_INCREMENT=24 DEFAULT CHARSET=utf8mb4 COLLATE=utf8mb4_unicode_ci;

-- Dumping data for table shophoa.dondathang: ~16 rows (approximately)
/*!40000 ALTER TABLE `dondathang` DISABLE KEYS */;
INSERT INTO `dondathang` (`ddh_id`, `ddh_diachi`, `ddh_tongtien`, `ddh_ngaylap`, `ddh_ngaygiao`, `ddh_trangthai`, `hinhthucthantoan_httt_id`, `khachhang_kh_id`) VALUES
	(7, '262/53A Lê Văn Sỹ', 2576000.000, '2020-10-18 00:00:00', '2020-10-19 00:00:00', 1, 1, 4),
	(8, 'Số 19 ngõ 69 Đường Nguyễn Hoàng', 319000.000, '2020-10-18 00:00:00', '2020-10-19 00:00:00', 1, 3, 5),
	(9, 'Số 19 ngõ 69 Đường Nguyễn Hoàng', 1638000.000, '2020-10-10 00:00:00', '2020-10-19 00:00:00', 1, 1, 5),
	(10, '262/53A Lê Văn Sỹ', 1316000.000, '2020-10-20 00:00:00', '2020-10-21 00:00:00', 1, 1, 4),
	(11, '262/53A Lê Văn Sỹ', 539000.000, '2020-10-20 00:00:00', '2020-10-21 00:00:00', 1, 1, 4),
	(12, 'KTX khu B, Đại học Cần Thơ, phường Xuân Khánh, quận Ninh Kiều, TP. Cần Thơ', 3014000.000, '2020-10-21 00:00:00', '2020-10-22 00:00:00', 1, 1, 1),
	(13, '82 Nguyễn Huệ, Phường Bến Nghé, Quận 1', 2511000.000, '2020-10-21 00:00:00', '2020-10-22 00:00:00', 1, 3, 11),
	(14, 'Số 23, Võ Nguyên Giáp, Phường: Phú Thứ, Quận Cái Răng', 5215000.000, '2020-10-21 00:00:00', '2020-10-22 00:00:00', 1, 1, 17),
	(15, 'Xóm Chùa Tổng, xã La Phù, H.Hoài Đức, Hà Nội.', 1407000.000, '2020-10-21 00:00:00', '2020-10-31 00:00:00', 0, 4, 31),
	(16, 'Xóm Chùa Tổng, xã La Phù, H.Hoài Đức, Hà Nội.', 669000.000, '2020-10-21 00:00:00', '2020-10-22 00:00:00', 0, 1, 31),
	(17, 'Cần Thơ', 519000.000, '2020-10-22 00:00:00', '2020-10-24 00:00:00', 0, 2, 3),
	(18, 'KTX khu B, Đại học Cần Thơ, phường Xuân Khánh, quận Ninh Kiều, TP. Cần Thơ', 1099000.000, '2020-10-22 00:00:00', '2020-10-23 00:00:00', 0, 3, 1),
	(19, '262/53A Lê Văn Sỹ', 898000.000, '2020-10-23 00:00:00', '2020-10-24 00:00:00', 0, 1, 4),
	(20, 'Cần Thơ', 1126000.000, '2020-10-27 00:00:00', '2020-10-28 00:00:00', 0, 1, 2),
	(22, 'Cần Thơ', 798000.000, '2020-10-27 00:00:00', '2020-10-31 00:00:00', 1, 2, 2),
	(23, '571 Ấp Thới Hòa 1, , Phường: Thới Thuận, Quận Thốt Nốt', 1027000.000, '2020-10-27 00:00:00', '2020-10-28 00:00:00', 0, 1, 21);
/*!40000 ALTER TABLE `dondathang` ENABLE KEYS */;

-- Dumping structure for table shophoa.dondathang_has_sanpham
CREATE TABLE IF NOT EXISTS `dondathang_has_sanpham` (
  `dondathang_ddh_id` int(11) NOT NULL,
  `sanpham_sp_id` int(11) NOT NULL,
  `sp_ctdh_dongia` decimal(13,3) DEFAULT NULL,
  `sp_ctdh_soluong` int(10) DEFAULT NULL,
  PRIMARY KEY (`dondathang_ddh_id`,`sanpham_sp_id`),
  KEY `fk_dondathang_has_sanpham_dondathang1_idx` (`dondathang_ddh_id`),
  KEY `fk_dondathang_has_sanpham_sanpham1_idx` (`sanpham_sp_id`) USING BTREE,
  CONSTRAINT `fk_dondathang_has_sanpham_dondathang1` FOREIGN KEY (`dondathang_ddh_id`) REFERENCES `dondathang` (`ddh_id`) ON UPDATE CASCADE,
  CONSTRAINT `fk_dondathang_has_sanpham_sanpham1` FOREIGN KEY (`sanpham_sp_id`) REFERENCES `sanpham` (`sp_id`) ON UPDATE CASCADE
) ENGINE=InnoDB DEFAULT CHARSET=utf8mb4 COLLATE=utf8mb4_unicode_ci;

-- Dumping data for table shophoa.dondathang_has_sanpham: ~26 rows (approximately)
/*!40000 ALTER TABLE `dondathang_has_sanpham` DISABLE KEYS */;
INSERT INTO `dondathang_has_sanpham` (`dondathang_ddh_id`, `sanpham_sp_id`, `sp_ctdh_dongia`, `sp_ctdh_soluong`) VALUES
	(7, 52, 598000.000, 2),
	(7, 101, 949000.000, 1),
	(7, 105, 1029000.000, 1),
	(8, 20, 319000.000, 1),
	(9, 87, 1638000.000, 2),
	(10, 132, 658000.000, 2),
	(11, 119, 539000.000, 1),
	(12, 52, 598000.000, 2),
	(12, 105, 1029000.000, 1),
	(12, 107, 789000.000, 1),
	(13, 5, 837000.000, 3),
	(14, 21, 578000.000, 2),
	(14, 141, 4059000.000, 1),
	(15, 57, 279000.000, 1),
	(15, 67, 589000.000, 1),
	(15, 94, 539000.000, 1),
	(16, 121, 669000.000, 1),
	(17, 14, 519000.000, 1),
	(18, 145, 1099000.000, 1),
	(19, 55, 898000.000, 2),
	(20, 1, 229000.000, 1),
	(20, 2, 319000.000, 1),
	(20, 5, 279000.000, 1),
	(20, 34, 299000.000, 1),
	(22, 1, 229000.000, 1),
	(22, 38, 569000.000, 1),
	(23, 72, 499000.000, 1),
	(23, 89, 329000.000, 1),
	(23, 129, 199000.000, 1);
/*!40000 ALTER TABLE `dondathang_has_sanpham` ENABLE KEYS */;

-- Dumping structure for table shophoa.hinhsanpham
CREATE TABLE IF NOT EXISTS `hinhsanpham` (
  `hasp_id` int(10) NOT NULL AUTO_INCREMENT,
  `hsp_tenfile` varchar(255) COLLATE utf8mb4_unicode_ci DEFAULT NULL,
  `sanpham_sp_id` int(11) NOT NULL,
  PRIMARY KEY (`hasp_id`),
  KEY `fk_hinhsanpham_sanpham1_idx` (`sanpham_sp_id`),
  CONSTRAINT `fk_hinhsanpham_sanpham1` FOREIGN KEY (`sanpham_sp_id`) REFERENCES `sanpham` (`sp_id`) ON UPDATE CASCADE
) ENGINE=InnoDB AUTO_INCREMENT=555 DEFAULT CHARSET=utf8mb4 COLLATE=utf8mb4_unicode_ci;

-- Dumping data for table shophoa.hinhsanpham: ~228 rows (approximately)
/*!40000 ALTER TABLE `hinhsanpham` DISABLE KEYS */;
INSERT INTO `hinhsanpham` (`hasp_id`, `hsp_tenfile`, `sanpham_sp_id`) VALUES
	(1, 'Hoa_Hong1d.jpg', 1),
	(3, 'Hoa_Hong1b.jpg', 1),
	(9, 'Hoa_Cam_Chuong1a.jpg', 2),
	(10, 'Hoa_Cam_Chuong1.jpg', 2),
	(14, 'Hoa_Cam_Chuong5a.jpg', 5),
	(16, 'Spring-Garden-Hanoi-HCMC-2_1024x10242x.jpg', 7),
	(18, 'SpringGarden_8a7fdabb-0ecd-4f76-82dc-5dd0583f2546_1024x10242x.jpg', 7),
	(21, 'Hoa_Hong2a.jpg', 11),
	(22, 'Hoa_Hong2.jpg', 11),
	(23, 'CityOFStars11_1024x10242x.jpg', 12),
	(24, 'CityOFStars1_1024x10242x.jpg', 12),
	(27, 'ComeAndKissMe_C_mTron12_1024x10242x.jpg', 14),
	(28, 'ComeAndKissMe_C_mTron1_1024x10242x.jpg', 14),
	(31, 'H_pHoaG_HaveASweetDay2_1024x10242x.jpg', 16),
	(32, 'H_pHoaG_HaveASweetDay1_1024x10242x.jpg', 16),
	(33, 'H_pHoaG_HaveASweetDay_1024x10242x.jpg', 16),
	(35, 'Pinky_1024x10242x.jpg', 20),
	(36, 'nhieu-loai-hoa-bo-hoa-pinky-3_1024x10242x.jpg', 20),
	(37, 'BoHoaDoorsToHeavenCaoCap-web2_1024x10242x.jpg', 21),
	(38, 'BoHoaDoorsToHeavenCaoCap-web_1024x10242x.jpg', 21),
	(39, 'fireforthesoul_1024x10242x.jpg', 28),
	(40, 'BinhHoaTh_yTinhFireForTheSoul_1024x10242x.jpg', 28),
	(41, 'pinkblush_856f8b80-c69e-4bae-8f0a-20b629b3a385_1024x10242x.jpg', 34),
	(42, 'pinkblush_1024x10242x.jpg', 34),
	(43, 'gio-hoa-gio-hoa-diamond-love-3_1024x10242x.jpg', 38),
	(44, 'Gi_HoaDiamondLoveOnWeb_1024x10242x.jpg', 38),
	(45, 'diamondlove2_1024x10242x.jpg', 38),
	(46, 'diamondlove_4419600c-55f4-4fd6-95c5-238f2527d38f_1024x10242x.jpg', 38),
	(47, 'diamondlove_1024x10242x.jpg', 38),
	(48, '76b630271d97e1c9b886_1024x10242x.jpg', 38),
	(49, 'hop-hoa-hop-hoa-go-sunshine-box-2_1024x10242x.jpg', 50),
	(50, 'H_pHoaG_SunshineBox1_1024x10242x.jpg', 50),
	(51, 'H_pHoaG_SunshineBox_1024x10242x.jpg', 50),
	(53, 'Hoa_Huong_Duong2a.jpg', 52),
	(54, 'Hoa_Huong_Duong2.jpg', 52),
	(55, 'BoHoaH_ngD_ngShinyBaby1_1024x10242x.jpg', 53),
	(56, 'BoHoaH_ngD_ngShinyBaby_1024x10242x.jpg', 53),
	(57, 'Hoa_Huong_Duong1a.jpg', 54),
	(58, 'Hoa_Huong_Duong.jpg', 54),
	(59, 'hoa-baby-bo-hoa-my-only-sunshine-1_1024x10242x.jpg', 55),
	(60, 'BoHoaYellowGarden2_1024x10242x.jpg', 55),
	(61, 'BoHoaYellowGarden1_1024x10242x.jpg', 55),
	(62, 'BoHoaYellowGarden_87092941-9d4c-42d3-a3cf-5f0694af9c0a_1024x10242x.jpg', 55),
	(63, 'hoa-baby-bo-hoa-my-only-sunshine-3_1024x10242x.jpg', 56),
	(64, 'Happy_1d07c191-8a68-414a-973c-fdb949a012fd_1024x10242x.jpg', 57),
	(65, 'gio-hoa-gio-hoa-be-happy-3_1024x10242x.jpg', 57),
	(66, 'behappy_e534ad01-2bc8-4bff-b2f9-3b60f467bf35_1024x10242x.jpg', 57),
	(68, 'mindfulsoulcb_4c6c0a63-b2c2-40ce-999b-59b467682f7e_1024x10242x.jpg', 58),
	(71, 'mindfulsoul_1024x10242x.jpg', 58),
	(72, 'wonderland_1024x10242x.jpg', 66),
	(73, 'IMG_3952_2_1024x10242x.jpg', 66),
	(74, 'CE0617FC-D04F-4652-ADF1-2C80F03E265E_1024x10242x.jpg', 66),
	(75, '8401F03B-340C-447C-9DC4-659B428D7924_1024x10242x.jpg', 66),
	(76, 'H_pHoaG_PrettyGlory1_1024x10242x.jpg', 67),
	(77, 'H_pHoaG_PrettyGlory_1024x10242x.jpg', 67),
	(78, 'BoHoaPurpleDesire2_1024x10242x.jpg', 71),
	(79, 'BoHoaPurpleDesire1_1024x10242x.jpg', 71),
	(80, 'BoHoaPurpleDesire_1024x10242x.jpg', 71),
	(81, 'TheOceanBreeze1_1024x10242x.jpg', 72),
	(82, 'TheOceanBreeze_1024x10242x.jpg', 72),
	(83, 'nhieu-loai-hoa-bo-hoa-the-ocean-breeze-1_1024x10242x.jpg', 72),
	(84, 'IMG_0831_1024x10242x.jpg', 72),
	(86, 'BoHoaTwilight1_1024x10242x.jpg', 74),
	(87, 'BoHoaTwilight_1024x10242x.jpg', 74),
	(89, 'bo-hoa-autumn-melody-2_1024x10242x.jpg', 75),
	(91, 'anna_sgarden_40e645d2-4b39-4dc9-b6fc-38502e22d111_1024x10242x.jpg', 80),
	(92, 'Anna_sGarden_007c9667-eb30-47d6-b724-b43f2d23c8e5_1024x10242x.jpg', 80),
	(93, 'UnderTheBlueSky_1024x10242x.jpg', 82),
	(95, 'underdb_1024x10242x.jpg', 82),
	(97, 'daydreamer_1024x10242x.jpg', 84),
	(98, 'daydreamer_1_1024x10242x.jpg', 84),
	(100, 'romance-escape_1024x10242x.jpg', 85),
	(101, 'nhieu-loai-hoa-bo-hoa-romantic-escape-3_1024x10242x.jpg', 85),
	(102, 'nhieu-loai-hoa-bo-hoa-romantic-escape-2_1024x10242x.jpg', 85),
	(106, 'SweetDesire_Transparent_01_1024x10242x.jpg', 86),
	(107, 'sweetdesire_1024x10242x.jpg', 86),
	(108, 'bo-hoa-million-little-things-3_1024x10242x.jpg', 87),
	(109, 'bo-hoa-million-little-things-2_1024x10242x.jpg', 87),
	(110, 'bo-hoa-million-little-things-1_1_1024x10242x.jpg', 87),
	(115, 'PassionateLove_1024x10242x.jpg', 88),
	(116, 'my-juliet-345_1024x10242x.jpg', 89),
	(117, 'my-juliet-2_1_1024x10242x.jpg', 89),
	(118, 'my-juliet-123_1024x10242x.jpg', 89),
	(119, 'my-princess-3_1024x10242x.jpg', 90),
	(122, 'myprincess_1024x10242x.jpg', 90),
	(123, 'EnchantedSieuTo1_1024x10242x.jpg', 91),
	(124, 'EnchantedSieuTo_1024x10242x.jpg', 91),
	(125, 'bo-hoa-enchanted-3_1024x10242x.jpg', 91),
	(126, 'bo-hoa-enchanted-2_1024x10242x.jpg', 91),
	(127, 'BoHoaEnchanted_1024x10242x.jpg', 91),
	(128, 'sweet-tenderness-6_1024x10242x.jpg', 92),
	(129, 'H_pHoaG_SweetTenderness_1024x10242x.jpg', 92),
	(130, 'BoHoaCrystalPearlonweb_1024x10242x.jpg', 93),
	(131, 'BoHoaCrystalPearl_d764aec2-22bb-4758-a90f-a5ade95d798c_1024x10242x.jpg', 93),
	(132, 'BoHoaCrystalPearl_1024x10242x.jpg', 93),
	(133, 'intense-love-5_1024x10242x.jpg', 94),
	(135, 'intense-love-1_1024x10242x.jpg', 94),
	(138, 'sweetblossom_1024x10242x.jpg', 96),
	(139, 'H_pHoaG_SweetBlossom_1024x10242x.jpg', 96),
	(141, 'youngandbeautiful_1024x10242x.jpg', 100),
	(142, 'Young_Beautiful_1024x10242x.jpg', 100),
	(143, 'hoa-baby-bo-hoa-young-beautiful-5_1024x10242x.jpg', 100),
	(145, 'shining-ruby-3_1024x10242x.jpg', 101),
	(146, 'Shining-Ruby_1024x10242x.jpg', 101),
	(147, 'bo-hoa-love-at-first-sight-3_1024x10242x.jpg', 102),
	(148, 'bo-hoa-love-at-first-sight-2_1024x10242x.jpg', 102),
	(149, 'bo-hoa-love-at-first-sight-1_1_1024x10242x.jpg', 102),
	(150, 'gentle-love-hcmc-hanoi_1024x10242x.jpg', 103),
	(151, 'GentleLove_C_B_n_1024x10242x.jpg', 103),
	(152, 'gentlelove_1024x10242x.jpg', 103),
	(153, 'Roseanne_5d2c4a3c-5696-475d-9e4c-39fe44f06e6a_1024x10242x.jpg', 104),
	(155, 'Bo-Hoa-Roseanne_1024x10242x.jpg', 104),
	(156, '4-roseanne-web-rs-macro-12_1024x10242x.jpg', 104),
	(158, 'Bloomsoflove2_1024x10242x.jpg', 105),
	(159, 'Blooms-Of-Love_dc2f1bd1-fc27-4f43-b2bd-2a2529aff895_1024x10242x.jpg', 105),
	(162, 'purejoycb_54db965d-c4d5-404f-9445-33b0f4cea8e4_1024x10242x.jpg', 108),
	(163, 'purejoy_1024x10242x.jpg', 108),
	(164, 'lovingmesoftly_1024x10242x.jpg', 111),
	(165, 'BinhHoaTh_yTinhLovingMeSoftly_1024x10242x.jpg', 111),
	(166, 'midsummer_85a9af6b-8055-4fb8-a51f-2d5b7b846794_1024x10242x.jpg', 115),
	(167, 'midsum_1024x10242x.jpg', 115),
	(169, 'bo-hoa-be-grateful-2_1024x10242x.jpg', 116),
	(170, 'bo-hoa-be-grateful-1_1_1024x10242x.jpg', 116),
	(171, 'begrateful_1024x10242x.jpg', 116),
	(172, 'pinkypromise_1024x10242x.jpg', 117),
	(174, 'pink-promise-4_6a97191d-5eed-4693-96d7-e1881a8e408f_1024x10242x.jpg', 117),
	(176, 'BohoaDreamofyou1_1024x10242x.jpg', 118),
	(177, 'BoHoaDreamofYou_1024x10242x.jpg', 118),
	(180, 'MissGlobe_be47b391-1537-46d5-acb4-7c11b60f9d0b_1024x10242x.jpg', 120),
	(181, 'BoHoaPinkPrincess_c1ac38bc-39bd-4427-9c3b-9bc88d65af15_1024x10242x.jpg', 121),
	(182, 'BoHoaPinkPrincess_1024x10242x.jpg', 121),
	(183, '5CC8B192-0116-4ABB-A17C-EE8345367C98_1024x10242x.jpg', 121),
	(184, 'DB11736C-7FB9-4D8D-8FDF-B90E4C61B718_1024x10242x.jpg', 125),
	(185, 'BoHoaDearDaises_67176385-05fd-41bb-93d1-45e20cd85895_1024x10242x.jpg', 125),
	(186, 'BoHoaDearDaises_1024x10242x.jpg', 125),
	(187, 'BoHoaMakeMeSmile1_1024x10242x.jpg', 126),
	(188, 'BoHoaMakeMeSmile_46c5361d-1a8c-47ee-8c4f-f4ca2fcc769b_1024x10242x.jpg', 126),
	(189, 'BoHoaMakeMeSmile_1024x10242x.jpg', 126),
	(190, 'adorablesmileupshopify_1024x10242x.jpg', 129),
	(192, 'AdorableSmile_6fa71b59-a807-41de-b1c6-3e8d431e62e4_1024x10242x.jpg', 129),
	(194, 'bo-hoa-passionate-heart-2_1024x10242x.jpg', 130),
	(195, 'BoHoaPassionateHeart_1024x10242x.jpg', 130),
	(196, 'orientalbloomcb_1024x10242x.jpg', 132),
	(197, 'orientalbloom_b3bcf4b6-9b62-4270-89b9-7344eab89311_1024x10242x.jpg', 132),
	(198, 'BoHoaTh_BinhOrientalBloom_1024x10242x.jpg', 132),
	(199, 'gio-hoa-lan-elegant-in-white-4_1024x10242x.jpg', 136),
	(200, 'gio-hoa-lan-elegant-in-white-3_1024x10242x.jpg', 136),
	(201, 'Gi_HoaLanElegantInWhite_1024x10242x.jpg', 136),
	(202, 'Ch_uHoaLanMorningDew_1024x10242x.jpg', 137),
	(203, 'Ch_uHoaLanBreakOfDawn_1024x10242x.jpg', 138),
	(204, 'gio-hoa-lan-delicacy-of-the-moon-4_1024x10242x.jpg', 139),
	(205, 'gio-hoa-lan-delicacy-of-the-moon-3_1024x10242x.jpg', 139),
	(206, 'Gi_HoaLanDelicacyOfTheMoon_1024x10242x.jpg', 139),
	(207, 'Ch_uHoaLanVanillaButterfly_1024x10242x.jpg', 140),
	(208, 'Ch_uHoaLanSpringInBlossom_1024x10242x.jpg', 141),
	(209, 'gio-hoa-lan-spring-light-3_1024x10242x.jpg', 142),
	(210, 'gio-hoa-lan-gentle-brightness-3_1024x10242x.jpg', 142),
	(211, 'Gi_HoaLanGentleBrightness_1024x10242x.jpg', 142),
	(212, 'Gi_HoaLanSpringLight_1024x10242x.jpg', 143),
	(213, 'Ch_uHoaLanMelodyOfJoy_1024x10242x.jpg', 144),
	(214, 'BoHoaTh_BinhHoaD_t_1024x10242x.jpg', 145),
	(215, 'bo-hoa-cam-san-hoa-dat-6_1024x10242x.jpg', 145),
	(216, 'Ch_uHoaLanParadeOfMagenta_1024x10242x.jpg', 146),
	(217, 'Ch_uHoaLanMidnight_1024x10242x.jpg', 147),
	(218, 'onlyu_1_1024x10242x.jpg', 33);
/*!40000 ALTER TABLE `hinhsanpham` ENABLE KEYS */;

-- Dumping structure for table shophoa.hinhthucthanhtoan
CREATE TABLE IF NOT EXISTS `hinhthucthanhtoan` (
  `httt_id` int(5) NOT NULL AUTO_INCREMENT,
  `httt_ten` varchar(50) COLLATE utf8mb4_unicode_ci DEFAULT NULL,
  PRIMARY KEY (`httt_id`)
) ENGINE=InnoDB AUTO_INCREMENT=11 DEFAULT CHARSET=utf8mb4 COLLATE=utf8mb4_unicode_ci;

-- Dumping data for table shophoa.hinhthucthanhtoan: ~4 rows (approximately)
/*!40000 ALTER TABLE `hinhthucthanhtoan` DISABLE KEYS */;
INSERT INTO `hinhthucthanhtoan` (`httt_id`, `httt_ten`) VALUES
	(1, 'Tiền mặt khi nhận hàng'),
	(2, 'Ví điện tử MOMO'),
	(3, 'Ví điện tử ZaloPay'),
	(4, 'Thanh toán bằng thẻ ngân hàng');
/*!40000 ALTER TABLE `hinhthucthanhtoan` ENABLE KEYS */;

-- Dumping structure for table shophoa.khachhang
CREATE TABLE IF NOT EXISTS `khachhang` (
  `kh_id` int(11) NOT NULL AUTO_INCREMENT,
  `kh_hoten` varchar(50) COLLATE utf8mb4_unicode_ci DEFAULT NULL,
  `kh_tendangnhap` varchar(50) COLLATE utf8mb4_unicode_ci NOT NULL,
  `kh_matkhau` varchar(50) COLLATE utf8mb4_unicode_ci NOT NULL,
  `kh_gioitinh` int(1) DEFAULT NULL,
  `kh_ngaysinh` date DEFAULT NULL,
  `kh_sodienthoai` varchar(50) COLLATE utf8mb4_unicode_ci DEFAULT NULL,
  `kh_email` varchar(100) COLLATE utf8mb4_unicode_ci DEFAULT NULL,
  `kh_diachi` mediumtext COLLATE utf8mb4_unicode_ci DEFAULT NULL,
  `kh_avt_tenfile` varchar(255) COLLATE utf8mb4_unicode_ci DEFAULT NULL,
  `kh_trangthai` int(1) DEFAULT NULL,
  `kh_quantri` int(1) DEFAULT NULL,
  PRIMARY KEY (`kh_id`),
  UNIQUE KEY `kh_tendangnhap` (`kh_tendangnhap`)
) ENGINE=InnoDB AUTO_INCREMENT=77 DEFAULT CHARSET=utf8mb4 COLLATE=utf8mb4_unicode_ci;

-- Dumping data for table shophoa.khachhang: ~36 rows (approximately)
/*!40000 ALTER TABLE `khachhang` DISABLE KEYS */;
INSERT INTO `khachhang` (`kh_id`, `kh_hoten`, `kh_tendangnhap`, `kh_matkhau`, `kh_gioitinh`, `kh_ngaysinh`, `kh_sodienthoai`, `kh_email`, `kh_diachi`, `kh_avt_tenfile`, `kh_trangthai`, `kh_quantri`) VALUES
	(1, 'Trần Văn H&ograve;a', 'admin', '12345', 1, '2000-04-15', '0786882852', 'tvhoad19387@cusc.ctu.edu.vn', 'KTX khu B, Đại học Cần Thơ, phường Xuân Khánh, quận Ninh Kiều, TP. Cần Thơ', '20201030160215_anh-dep-avatar-300x300.jpg', 1, 1),
	(2, 'Đỗ Nguyễn Duy Linh', 'admin2', '54321', 1, '2000-02-29', '0922299818', 'dndlinhd19389@cusc.ctu.edu.vn', 'phường Thạnh Hòa, quận Thốt Nốt, TP Cần Thơ', '20201030160230_Death-Note-L-Letter-Sticker__49098.1511162961.webp', 1, 1),
	(3, 'Dương Thị Tường Vy', 'admin3', '*****', 0, '2000-01-01', '0767545170', 'dttvyd19388@cusc.ctu.edu.vn', 'Cần Thơ', '20201030160244_10583947_1577554022525633_1379909604240904844_n.jpg', 1, 1),
	(4, 'Đặng Tuấn Anh', 'user1', 'password', 1, '1983-02-10', '0615627313', 'cm7l7ypjmn0xbfwlapm@gmail.com', '262/53A Lê Văn Sỹ', '', 1, 0),
	(5, 'Hoàng Đức Anh', 'user2', '00000', 1, '1991-03-06', '0622782821', 'xszmld9zcah6i2q@gmail.com', 'Số 19 ngõ 69 Đường Nguyễn Hoàng', '', 1, 0),
	(6, 'Lưu Trang Anh', '5qvg', 'bf7xn9wb', 0, '1980-01-10', '0866614672', '5qvgbf7xn9wbib1fs1cq@gmail.com', '360/1 Hà Hoàng Hổ - Phường Mỹ Hoà - Thành Phố Long Xuyên', '', 1, 0),
	(7, 'Phạm Hoàng Anh', 'ar3s', 'slrgt', 1, '1989-09-07', '0848547001', 'ar3sslrgt145kmqd6l8@gmail.com', 'Ấp Mỹ An 1 - Xã Mỹ Hoà Hưng - Thành Phố Long Xuyên', '', 1, 0),
	(8, 'Phạm Thị Hiền Anh', 'ye0d', 'gzhdrxo2@g', 0, '1991-03-20', '0688314823', 'ye0dgzhdrxo2@gmail.com', 'Phong Huân - Xã Phong Huân - Chợ Đồn', '', 1, 0),
	(9, 'Phạm Khắc Việt Anh', 'g86r', 'ol3f9af1', 1, '1997-08-09', '0269629636', 'g86rol3f9af12lcc2ztr@gmail.com', 'Đông Viên - Xã Đồng thắng- Chợ Đồn', ' ', 1, 0),
	(10, 'Đỗ Hoàng Gia Bảo', 'xb1d', 'ippeg', 1, '1994-09-27', '0735092145', 'xb1dippegj@gmail.com', 'Nghĩa Tá - Xã Nghĩa Tá - Chợ Đồn', ' ', 1, 0),
	(11, 'Trần Thị Minh Châu', 'nkf5', 'ruxxsdwb', 0, '1982-09-03', '0421757011', 'nkf5ruxxsdwb1q@gmail.com', '82 Nguyễn Huệ, Phường Bến Nghé, Quận 1', ' ', 1, 0),
	(12, 'Tăng Phương Chi', '1gfo', 'v6hi9iu', 0, '1981-09-30', '0186776528', '1gfov6hi9iu81e@gmail.com', '32 Bùi Thị Xuân, Phường: Phạm Ngũ Lão, Quận 1', '', 1, 0),
	(13, 'Gan Feng Du', 'i05y', 'za679ubkf', 1, '1996-05-12', '0946965493', 'i05yza679ubkfo@gmail.com', '22L Vũ Huy Tấn, Phường 3, Quận Bình Thạnh', '', 1, 0),
	(14, 'Phạm Tiến Dũng', 'n7ev', '875g2q', 1, '1980-11-09', '0191230087', 'n7ev875g2qdo5own1d@gmail.com', '315B Bùi Hữu Nghĩa, Phường 1, Quận Bình Thạnh', '', 1, 0),
	(15, 'Nguyễn Thái Dương', 'n4ya', '132cx6', 1, '1992-02-27', '0733938087', 'n4ya132cx6lxv9t@gmail.com', 'Ấp Thới Thuận , Thị Trấn: Cờ Đỏ, Huyện Cờ Đỏ', '', 1, 0),
	(16, 'Trần An Dương', 'lej7', '2r1fl', 0, '1997-06-06', '0158787711', 'lej72r1flywxkqsm@gmail.com', 'Ấp Thạnh Lợi, Đường Tỉnh 921, Xã: Trung An, Huyện Cờ Đỏ', '', 1, 0),
	(17, 'Mạc Trung Đức', 'rtyp', '30xjmi@g', 1, '1990-03-21', '0161486573', 'rtyp30xjmi@gmail.com', 'Số 23, Võ Nguyên Giáp, Phường: Phú Thứ, Quận Cái Răng', '', 1, 0),
	(18, 'Vũ Hương Giang', 'odfo', 'r99d9', 0, '1991-01-12', '0825645916', 'odfor99d9pthr@gmail.com', '408 Phạm Hùng, Khu Vực Yên Hạ , Phường: Lê Bình, Quận Cái Răng', '', 1, 0),
	(19, 'Nguyễn Thị Ngân Hà', 'khmt', '3lmmx3', 0, '1982-07-10', '0748289412', 'khmt3lmmx3i60d@gmail.com', '770 Lê Thị Tạo, Khu Vực Long Thạnh A(Cạnh Công An Phường Thốt Nốt), Phường: Thốt Nốt, Quận Thốt Nốt', '', 1, 0),
	(20, 'Nguyễn Lê Hiếu', '8esc', 'ef5u7m', 1, '1999-06-18', '0407602809', '8escef5u7mst8j3ozi56@gmail.com', 'Tổ 6 Khu Vực Tân Phú, Phường: Thuận Hưng, Quận Thốt Nốt', '', 1, 0),
	(21, 'Phạm Xuân Hòa', 'fxvt', 'vvqfh29', 0, '1993-01-11', '0138848610', 'fxvtvvqfh29hed16@gmail.com', '571 Ấp Thới Hòa 1, , Phường: Thới Thuận, Quận Thốt Nốt', '', 1, 0),
	(22, 'Khoa Minh Hoàng', '0gy5', 's0ao9l@g', 1, '2000-02-13', '0163422604', '0gy5s0ao9l@gmail.com', 'Số 31-32-33 Hùng Vương, Kp.4B Tt. Dầu Tiếng , Thị Trấn: Dầu Tiếng, Huyện Dầu Tiếng', '', 1, 0),
	(23, 'Nguyễn Hữu Hiệp Hoàng', 'k4ev', 'lyjprd134', 1, '1995-08-05', '0343486027', 'k4evlyjprd13454@gmail.com', '6/12 Thống Nhất, Kp.2 Tt.Dầu Tiếng , Thị Trấn: Dầu Tiếng, Huyện Dầu Tiếng', ' ', 1, 0),
	(24, 'Nguyễn Mạnh Hùng', '8t69', '2w6cw', 1, '1994-07-28', '0954498556', '8t692w6cwo@gmail.com', '392 cách mạng tháng 8, P. Bùi Hữu Nghĩa, Q. Bình Thủy, Cần Thơ', ' ', 1, 0),
	(25, 'Nguyễn Vũ Gia Hưng', 'bio8', '3gsfoz8', 1, '1980-07-09', '0822206821', 'bio83gsfoz8rjt8i4r7@gmail.com', '216 đường Võ Văn Kiệt, P. An Thới, Q. Bình Thủy, Cần Thơ', ' ', 1, 0),
	(26, 'Trần Tuấn Hưng', 'liy4', 'd79k1o@gma', 1, '1983-03-02', '0562208978', 'liy4d79k1o@gmail.com', 'Ấp Thới Hòa, TT. Cờ Đỏ, H. Cờ Đỏ, Cần Thơ', '', 1, 0),
	(27, 'Phạm Gia Minh', 'sx5q', 'lywy2g', 1, '1980-01-08', '0516915424', 'sx5qlywy2g6gfk@gmail.com', '	163/2 Quốc Lộ 1 A, khu vực Yên Hòa, P Lê Bình, Q. Cái Răng, Cần Thơ', '', 1, 0),
	(28, 'Đỗ Hoàng Mỹ', 'qv4h', 'sebj9yf', 0, '1988-04-11', '0700661233', 'qv4hsebj9yf95j8l@gmail.com', '38 Võ Chí Công , Q.Cầu Giấy, Hà Nội.', '', 1, 0),
	(29, 'Đỗ Quang Ngọc', 'adox', 'g51lmo', 1, '1993-05-19', '0488682534', 'adoxg51lmoyvn2@gmail.com', '213 Xã Đàn, phường Phương Liên, Q.Đống Đa, Hà Nội.', '', 1, 0),
	(30, 'Đàm Yến Nhi', '85uq', 'zc3j6kz', 0, '1982-10-11', '0487359653', '85uqzc3j6kzkmu@gmail.com', '432 Phố Hồ Tùng Mậu, Q.Từ Liêm, Hà Nội.', '', 1, 0),
	(31, 'Đoàn Hoàng Sơn', 'msc0', 'upw1e4jo', 1, '1999-03-13', '0714700757', 'msc0upw1e4joe50@gmail.com', 'Xóm Chùa Tổng, xã La Phù, H.Hoài Đức, Hà Nội.', '', 1, 0),
	(32, 'Nguyễn Công Thành', 't5xl', 'gjdcju4', 1, '1982-01-15', '0563981091', 't5xlgjdcju4@gmail.com', 'Số 16 Hòa Sơn -TT Chúc Sơn -Chương Mỹ', '', 1, 0),
	(33, 'Bùi Phương Thảo', 'h1or', 'pilrvm', 0, '1992-01-27', '0728699023', 'h1orpilrvmv@gmail.com', 'Cụm 8 Thị Trấn Gạch – Phúc Thọ ', '', 1, 0),
	(34, 'Nguyễn Hương Thảo', '1y13', 'r84n7ry', 0, '1988-08-12', '0770703155', '1y13r84n7ry45m8@gmail.com', 'Thôn Thanh Ấm- TT Vân Đình- Ứng Hòa ', '', 1, 0),
	(35, 'Tô Diệu Thảo', '5zpw', 'hgf6pl4p78', 0, '2000-01-21', '0159523198', '5zpwhgf6pl4p78utw7@gmail.com', 'Số 24 Nguyễn Trung Trực', '', 1, 0);
/*!40000 ALTER TABLE `khachhang` ENABLE KEYS */;

-- Dumping structure for table shophoa.khuyenmai
CREATE TABLE IF NOT EXISTS `khuyenmai` (
  `km_id` int(10) NOT NULL AUTO_INCREMENT,
  `km_ten` varchar(100) COLLATE utf8mb4_unicode_ci NOT NULL,
  `km_noidung` text COLLATE utf8mb4_unicode_ci DEFAULT NULL,
  `km_tungay` datetime DEFAULT NULL,
  `km_denngay` datetime DEFAULT NULL,
  `km_anh` text COLLATE utf8mb4_unicode_ci DEFAULT NULL,
  PRIMARY KEY (`km_id`)
) ENGINE=InnoDB AUTO_INCREMENT=10 DEFAULT CHARSET=utf8mb4 COLLATE=utf8mb4_unicode_ci;

-- Dumping data for table shophoa.khuyenmai: ~4 rows (approximately)
/*!40000 ALTER TABLE `khuyenmai` DISABLE KEYS */;
INSERT INTO `khuyenmai` (`km_id`, `km_ten`, `km_noidung`, `km_tungay`, `km_denngay`, `km_anh`) VALUES
	(1, 'Halloween 2020', 'Egestas pretium aenean pharetra magna ac placerat vestibulum lectus. Risus nullam eget felis eget nunc lobortis mattis aliquam faucibus. Fringilla urna porttitor rhoncus dolor purus non enim. Diam maecenas sed enim ut sem. Erat imperdiet sed euismod nisi porta lorem. Odio morbi quis commodo odio aenean sed adipiscing diam donec. Turpis egestas sed tempus urna et pharetra. Nullam eget felis eget nunc lobortis mattis. Donec et odio pellentesque diam volutpat commodo. Vestibulum rhoncus est pellentesque elit ullamcorper dignissim cras tincidunt lobortis. Lacus vestibulum sed arcu non odio euismod lacinia. Quam quisque id diam vel quam elementum pulvinar. Sagittis nisl rhoncus mattis rhoncus urna neque viverra justo nec. A erat nam at lectus urna duis convallis convallis tellus.', '2020-10-10 19:30:06', '2020-10-31 19:30:17', 'halloween.jpg'),
	(3, 'Khai trương', '', '2020-10-01 00:00:00', '2020-10-13 00:00:00', '20201029145037_km1.jpg'),
	(4, 'Trung thu', '&lt;p&gt;Lacus vestibulum sed arcu non odio euismod lacinia. Quam quisque id diam vel quam elementum pulvinar. Sagittis nisl rhoncus mattis rhoncus urna neque viverra justo nec. A erat nam at lectus urna duis convallis convallis tellus.&lt;/p&gt;\r\n', '2020-08-10 00:00:00', '2020-11-15 00:00:00', '20201030153919_trungthu.jpg'),
	(9, 'Ng&agrave;y nh&agrave; gi&aacute;o Việt Nam', '&lt;p&gt;&amp;amp;nbsp;Diam maecenas sed enim ut sem. Erat imperdiet sed euismod nisi porta lorem. Odio morbi quis commodo odio aenean sed adipiscing diam donec.&lt;/p&gt;\r\n', '2020-11-10 00:00:00', '2020-11-30 00:00:00', '20201030155154_20_11.jpg');
/*!40000 ALTER TABLE `khuyenmai` ENABLE KEYS */;

-- Dumping structure for table shophoa.loaihoa
CREATE TABLE IF NOT EXISTS `loaihoa` (
  `lh_id` int(10) NOT NULL AUTO_INCREMENT,
  `lh_ten` varchar(50) COLLATE utf8mb4_unicode_ci NOT NULL,
  `lh_mota` mediumtext COLLATE utf8mb4_unicode_ci NOT NULL DEFAULT '0',
  PRIMARY KEY (`lh_id`)
) ENGINE=InnoDB AUTO_INCREMENT=39 DEFAULT CHARSET=utf8mb4 COLLATE=utf8mb4_unicode_ci;

-- Dumping data for table shophoa.loaihoa: ~9 rows (approximately)
/*!40000 ALTER TABLE `loaihoa` DISABLE KEYS */;
INSERT INTO `loaihoa` (`lh_id`, `lh_ten`, `lh_mota`) VALUES
	(1, 'Hoa Hồng', 'mt'),
	(2, 'Hoa Hướng Dương', 'mt'),
	(3, 'Hoa Cẩm Chướng', 'mt'),
	(4, 'Hoa Cẩm Tú Cầu', 'mt'),
	(5, 'Hoa Baby', 'mt'),
	(6, 'Hoa Cúc', 'mt'),
	(7, 'Hoa Cát Tường', 'mt'),
	(8, 'Hoa Đồng Tiền', 'mt'),
	(9, 'Hoa Lan', 'mt');
/*!40000 ALTER TABLE `loaihoa` ENABLE KEYS */;

-- Dumping structure for table shophoa.mauhoa
CREATE TABLE IF NOT EXISTS `mauhoa` (
  `mh_id` int(10) NOT NULL AUTO_INCREMENT,
  `mh_ten` varchar(50) COLLATE utf8mb4_unicode_ci NOT NULL,
  `mh_mota` mediumtext COLLATE utf8mb4_unicode_ci DEFAULT NULL,
  PRIMARY KEY (`mh_id`)
) ENGINE=InnoDB AUTO_INCREMENT=18 DEFAULT CHARSET=utf8mb4 COLLATE=utf8mb4_unicode_ci;

-- Dumping data for table shophoa.mauhoa: ~9 rows (approximately)
/*!40000 ALTER TABLE `mauhoa` DISABLE KEYS */;
INSERT INTO `mauhoa` (`mh_id`, `mh_ten`, `mh_mota`) VALUES
	(1, 'Màu Đỏ', 'mô tả'),
	(2, 'Màu Cam', 'mô tả'),
	(3, 'Màu Vàng', 'mô tả'),
	(4, 'Màu Xanh Lá', 'mô tả'),
	(5, 'Màu Xanh Dương', 'mô tả'),
	(6, 'Màu Hồng', 'mô tả'),
	(7, 'Màu Tím', 'mô tả'),
	(8, 'Màu Đen', 'mô tả'),
	(9, 'Màu Trắng', 'mô tả');
/*!40000 ALTER TABLE `mauhoa` ENABLE KEYS */;

-- Dumping structure for table shophoa.sanpham
CREATE TABLE IF NOT EXISTS `sanpham` (
  `sp_id` int(11) NOT NULL AUTO_INCREMENT,
  `sp_ten` varchar(100) COLLATE utf8mb4_unicode_ci DEFAULT NULL,
  `sp_gia` decimal(13,3) DEFAULT NULL,
  `sp_giacu` decimal(13,3) DEFAULT NULL,
  `sp_yeuthich` int(11) DEFAULT NULL,
  `sp_mota_ngan` text COLLATE utf8mb4_unicode_ci DEFAULT NULL,
  `sp_mota_chitiet` text COLLATE utf8mb4_unicode_ci DEFAULT NULL,
  `sp_ngaycapnhat` datetime DEFAULT NULL,
  `sp_trangthai` int(1) DEFAULT NULL,
  `sp_avt_tenfile` varchar(255) COLLATE utf8mb4_unicode_ci DEFAULT NULL,
  `km` int(11) DEFAULT NULL,
  PRIMARY KEY (`sp_id`),
  KEY `FK_sanpham_khuyenmai` (`km`),
  CONSTRAINT `FK_sanpham_khuyenmai` FOREIGN KEY (`km`) REFERENCES `khuyenmai` (`km_id`) ON UPDATE CASCADE
) ENGINE=InnoDB AUTO_INCREMENT=290 DEFAULT CHARSET=utf8mb4 COLLATE=utf8mb4_unicode_ci;

-- Dumping data for table shophoa.sanpham: ~77 rows (approximately)
/*!40000 ALTER TABLE `sanpham` DISABLE KEYS */;
INSERT INTO `sanpham` (`sp_id`, `sp_ten`, `sp_gia`, `sp_giacu`, `sp_yeuthich`, `sp_mota_ngan`, `sp_mota_chitiet`, `sp_ngaycapnhat`, `sp_trangthai`, `sp_avt_tenfile`, `km`) VALUES
	(1, 'B&oacute; Hoa Hồng Beautiful You', 229000.000, 599000.000, 318, 'B&oacute; hoa hồng đỏ đơn giản được g&oacute;i rất trẻ trung v&agrave; thanh lịch l&agrave; một trong những mẫu Best Seller của ch&uacute;ng t&ocirc;i. L&agrave; lựa chọn ho&agrave;n hảo cho ng&agrave;y Valentine hoặc bất kỳ dịp đặc biệt n&agrave;o.', '&lt;p&gt;B&amp;oacute;&amp;nbsp;&lt;em&gt;Hoa Hồng Beautiful You &lt;/em&gt;gồm:&lt;/p&gt;\r\n\r\n&lt;ul&gt;\r\n	&lt;li&gt;&lt;strong&gt;48 b&amp;ocirc;ng Hoa Hồng đỏ&lt;/strong&gt;&lt;/li&gt;\r\n	&lt;li&gt;&lt;strong&gt;C&amp;aacute;c loại hoa &amp;amp; l&amp;aacute; kh&amp;aacute;c&lt;/strong&gt;&lt;/li&gt;\r\n&lt;/ul&gt;\r\n', '2020-10-27 23:45:58', 1, 'Hoa_Hong1d.jpg', 1),
	(2, 'B&oacute; Hoa Fabulously Red', 319000.000, 619000.000, 201, 'B&oacute; hoa sang trọng v&agrave; thanh khiết với hoa Hồng đỏ được g&oacute;i xinh xắn. Đ&acirc;y sẽ l&agrave; m&oacute;n qu&agrave; bất ngờ v&agrave; ho&agrave;n hảo d&agrave;nh tặng người thương, gia đ&igrave;nh hoặc bạn b&egrave;. ', '&lt;p&gt;&lt;em&gt;B&amp;oacute; Hoa Fabulously Red gồm:&lt;/em&gt;&lt;/p&gt;\r\n\r\n&lt;ul&gt;\r\n	&lt;li&gt;&lt;strong&gt;-&amp;nbsp;12 b&amp;ocirc;ng Hoa Hồng&lt;/strong&gt;&lt;/li&gt;\r\n	&lt;li&gt;&lt;strong&gt;- 06 b&amp;ocirc;ng Cẩm Chướng&lt;/strong&gt;&lt;/li&gt;\r\n	&lt;li&gt;&lt;strong&gt;- C&amp;aacute;c loại hoa v&amp;agrave; l&amp;aacute; kh&amp;aacute;c&lt;/strong&gt;&lt;/li&gt;\r\n&lt;/ul&gt;\r\n', '2020-10-28 23:14:20', 1, 'Hoa_Cam_Chuong1.jpg', 9),
	(5, 'Giỏ Hoa Rose Land', 279000.000, 469000.000, 154, 'Giỏ hoa rực rỡ v&agrave; đầy sức sống với c&aacute;c loại Hoa Hồng nhiều m&agrave;u sắc. Đ&acirc;y sẽ l&agrave; m&oacute;n qu&agrave; bất ngờ v&agrave; ho&agrave;n hảo d&agrave;nh tặng người thương, gia đ&igrave;nh hoặc bạn b&egrave;.', '&lt;p&gt;&lt;em&gt;Giỏ Hoa Rose Land&lt;/em&gt;&amp;nbsp;&lt;em&gt;gồm:&lt;/em&gt;&lt;/p&gt;\r\n\r\n&lt;ul&gt;\r\n	&lt;li&gt;&lt;strong&gt;-&amp;nbsp;10 b&amp;ocirc;ng Hoa Hồng&lt;/strong&gt;&lt;/li&gt;\r\n	&lt;li&gt;&lt;strong&gt;- 3 b&amp;ocirc;ng Cẩm Chướng&lt;/strong&gt;&lt;/li&gt;\r\n	&lt;li&gt;&lt;strong&gt;- C&amp;aacute;c loại hoa v&amp;agrave; l&amp;aacute; kh&amp;aacute;c&lt;/strong&gt;&lt;/li&gt;\r\n&lt;/ul&gt;\r\n', '2020-10-30 21:54:26', 1, 'Hoa_Cam_Chuong5.jpg', 9),
	(7, 'Giỏ Hoa Spring Garden', 329000.000, 499000.000, 286, 'Giỏ hoa rực rỡ v&agrave; đầy sức sống với hoa Hồng, Đồng Tiền &amp; Cẩm Chướng tươi tắn. Đ&acirc;y sẽ l&agrave; m&oacute;n qu&agrave; bất ngờ v&agrave; ho&agrave;n hảo d&agrave;nh tặng người thương, gia đ&igrave;nh hoặc bạn b&egrave;.', '&lt;p&gt;&lt;em&gt;Giỏ Hoa Spring Garden&lt;/em&gt;&amp;nbsp;gồm:&lt;/p&gt;\r\n\r\n&lt;ul&gt;\r\n	&lt;li&gt;&lt;strong&gt;- 6 b&amp;ocirc;ng Hoa Hồng&lt;/strong&gt;&lt;/li&gt;\r\n	&lt;li&gt;&lt;strong&gt;- 7 b&amp;ocirc;ng Hoa Đồng Tiền&lt;/strong&gt;&lt;/li&gt;\r\n	&lt;li&gt;&lt;strong&gt;- 4 b&amp;ocirc;ng Hoa Cẩm Chướng&lt;/strong&gt;&lt;/li&gt;\r\n&lt;/ul&gt;\r\n', '2020-10-28 23:16:41', 1, 'SpringGarden_8a7fdabb-0ecd-4f76-82dc-5dd0583f2546_1024x10242x.jpg', 1),
	(11, 'B&oacute; Hoa Hồng Forever', 419000.000, 0.000, 363, 'B&oacute; hoa sang trọng với sự kết hợp của l&aacute; bạc với hoa Hồng trắng v&agrave; đỏ nồng n&agrave;n. Đ&acirc;y sẽ l&agrave; m&oacute;n qu&agrave; bất ngờ v&agrave; ho&agrave;n hảo d&agrave;nh tặng người thương, gia đ&igrave;nh hoặc bạn b&egrave;. ', '&lt;p&gt;&lt;em&gt;B&amp;oacute; Hoa Hồng Trắng &amp;amp; Đỏ Forever&amp;nbsp;&lt;/em&gt;bao gồm:&lt;/p&gt;\r\n\r\n&lt;ul&gt;\r\n	&lt;li&gt;&lt;strong&gt;-&amp;nbsp;12 b&amp;ocirc;ng Hoa Hồng&lt;/strong&gt;&lt;/li&gt;\r\n	&lt;li&gt;&lt;strong&gt;- C&amp;aacute;c loại hoa v&amp;agrave; l&amp;agrave; kh&amp;aacute;c&lt;/strong&gt;&lt;/li&gt;\r\n&lt;/ul&gt;\r\n', '2020-10-28 23:21:49', 1, 'Hoa_Hong2.jpg', 9),
	(12, 'Hộp Hoa Gỗ City Of Stars', 469000.000, 0.000, 220, 'Hộp hoa bằng gỗ kết hợp c&aacute;c loại hoa tươi như hoa Hồng t&iacute;m, Cẩm Chướng v&agrave; C&uacute;c t&iacute;m đầy trang nh&atilde;, l&atilde;ng mạn sẽ l&agrave; m&oacute;n qu&agrave; bất ngờ v&agrave; ho&agrave;n hảo d&agrave;nh tặng người thương, gia đ&igrave;nh hoặc bạn b&egrave;.', '&lt;p&gt;&lt;em&gt;Hộp Hoa Gỗ City Of Stars&lt;/em&gt;&amp;nbsp;bao gồm:&lt;/p&gt;\r\n\r\n&lt;ul&gt;\r\n	&lt;li&gt;&lt;strong&gt;- 8&amp;nbsp;b&amp;ocirc;ng Hoa Hồng&lt;/strong&gt;&lt;/li&gt;\r\n	&lt;li&gt;&lt;strong&gt;- 3&amp;nbsp;b&amp;ocirc;ng C&amp;aacute;t Tường&lt;/strong&gt;&lt;/li&gt;\r\n	&lt;li&gt;&lt;strong&gt;- 4 Hoa C&amp;uacute;c t&amp;iacute;m&lt;/strong&gt;&lt;/li&gt;\r\n	&lt;li&gt;&lt;strong&gt;-&amp;nbsp;C&amp;aacute;c loại Hoa v&amp;agrave; L&amp;aacute; kh&amp;aacute;c&lt;/strong&gt;&lt;/li&gt;\r\n&lt;/ul&gt;\r\n', '2020-10-28 23:20:14', 1, 'CityOFStars1_1024x10242x.jpg', 4),
	(14, 'Hộp Hoa Gỗ Come And Kiss Me', 519000.000, 0.000, 486, 'Hộp hoa bằng gỗ kết hợp c&aacute;c loại hoa tươi như hoa Hồng, Cẩm Chướng v&agrave; Cẩm T&uacute; Cầu đỏ nồng n&agrave;n sẽ l&agrave; m&oacute;n qu&agrave; bất ngờ v&agrave; ho&agrave;n hảo d&agrave;nh tặng người thương, gia đ&igrave;nh hoặc bạn b&egrave;.', '&lt;p&gt;&lt;em&gt;Hộp Hoa Gỗ Come And Kiss Me&amp;nbsp;bao gồm:&lt;/em&gt;&lt;/p&gt;\r\n\r\n&lt;ul&gt;\r\n	&lt;li&gt;&lt;strong&gt;- 12&amp;nbsp;b&amp;ocirc;ng Hoa Hồng&lt;/strong&gt;&lt;/li&gt;\r\n	&lt;li&gt;&lt;strong&gt;- 5&amp;nbsp;b&amp;ocirc;ng Cẩm Chướng&lt;/strong&gt;&lt;/li&gt;\r\n	&lt;li&gt;&lt;strong&gt;- 2 b&amp;ocirc;ng Cẩm T&amp;uacute; Cầu&lt;/strong&gt;&lt;/li&gt;\r\n	&lt;li&gt;&lt;strong&gt;-&amp;nbsp;C&amp;aacute;c loại Hoa v&amp;agrave; L&amp;aacute; kh&amp;aacute;c&lt;/strong&gt;&lt;/li&gt;\r\n&lt;/ul&gt;\r\n', '2020-10-28 23:21:11', 1, 'ComeAndKissMe_C_mTron1_1024x10242x.jpg', NULL),
	(16, 'Hộp Hoa Gỗ Have A Sweet Day', 619000.000, 0.000, 301, 'Hộp hoa bằng gỗ m&agrave;u xanh da trời kết hợp c&aacute;c loại hoa tươi như hoa Hồng, C&aacute;t Tường v&agrave; C&uacute;c trắng đầy thanh lịch v&agrave; ngọt ng&agrave;o sẽ l&agrave; m&oacute;n qu&agrave; bất ngờ v&agrave; ho&agrave;n hảo d&agrave;nh tặng người thương, gia đ&igrave;nh hoặc bạn b&', '&lt;p&gt;&lt;em&gt;Hộp Hoa Hồng Have A Sweet Day bao gồm:&lt;/em&gt;&lt;/p&gt;\r\n\r\n&lt;ul&gt;\r\n	&lt;li&gt;&lt;strong&gt;-&amp;nbsp;10 b&amp;ocirc;ng Hoa Hồng&lt;/strong&gt;&lt;/li&gt;\r\n	&lt;li&gt;&lt;strong&gt;- 5 Hoa C&amp;aacute;t Tường&lt;/strong&gt;&lt;/li&gt;\r\n	&lt;li&gt;&lt;strong&gt;-&amp;nbsp;C&amp;aacute;c loại Hoa v&amp;agrave; L&amp;aacute; kh&amp;aacute;c&lt;/strong&gt;&lt;/li&gt;\r\n&lt;/ul&gt;\r\n', '2020-10-28 23:19:47', 1, 'H_pHoaG_HaveASweetDay1_1024x10242x.jpg', NULL),
	(20, 'B&oacute; Hoa Pinky', 319000.000, 0.000, 126, 'B&oacute; hoa thanh lịch v&agrave; độc đ&aacute;o gồm Hoa Hồng, Cẩm Chướng &amp; Đồng Tiền được g&oacute;i rất trang nh&atilde; v&agrave; đẹp mắt. L&agrave; sự lựa chọn ho&agrave;n hảo cho ng&agrave;y Valentine hoặc bất kỳ dịp đặc biệt n&agrave;o.', '&lt;p&gt;&lt;em&gt;B&amp;oacute; Hoa Pinky&amp;nbsp;&lt;/em&gt;gồm:&lt;/p&gt;\r\n\r\n&lt;ul&gt;\r\n	&lt;li&gt;&lt;strong&gt;- 03 b&amp;ocirc;ng hoa Hồng&lt;/strong&gt;&lt;/li&gt;\r\n	&lt;li&gt;&lt;strong&gt;- 04 b&amp;ocirc;ng Đồng Tiền&lt;/strong&gt;&lt;/li&gt;\r\n	&lt;li&gt;&lt;strong&gt;- 07 b&amp;ocirc;ng Cẩm Chướng&lt;/strong&gt;&lt;/li&gt;\r\n	&lt;li&gt;&lt;strong&gt;- C&amp;aacute;c loại hoa &amp;amp; l&amp;aacute; kh&amp;aacute;c&lt;/strong&gt;&lt;/li&gt;\r\n&lt;/ul&gt;\r\n', '2020-10-28 23:18:29', 1, 'Pinky_1024x10242x.jpg', NULL),
	(21, 'B&oacute; Hoa Doors To Heaven', 289000.000, 0.000, 240, 'B&oacute; hoa mang gam m&agrave;u pastel đầy trang nh&atilde; v&agrave; duy&ecirc;n d&aacute;ng với sự kết hợp của nhiều loại hoa tươi như hoa Hồng, Cẩm chướng, C&aacute;t tường v&agrave; Cẩm t&uacute; cầu.\r\nĐ&acirc;y sẽ l&agrave; m&oacute;n qu&agrave; bất ngờ v&agrave; ho&agrave;n hảo d&agrave;nh tặng người thương, gia đ&igrave;nh hoặc bạn b&egrave;.', '&lt;p&gt;&lt;em&gt;B&amp;oacute; Hoa Doors To Heaven Khổng Lồ&amp;nbsp;&lt;/em&gt;bao gồm:&lt;/p&gt;\r\n\r\n&lt;ul&gt;\r\n	&lt;li&gt;&lt;strong&gt;- 16 b&amp;ocirc;ng Hoa Hồng&lt;/strong&gt;&lt;/li&gt;\r\n	&lt;li&gt;&lt;strong&gt;- 4 Cẩm T&amp;uacute; Cầu&lt;/strong&gt;&lt;/li&gt;\r\n	&lt;li&gt;&lt;strong&gt;-&amp;nbsp;C&amp;aacute;c loại Hoa v&amp;agrave; L&amp;aacute; kh&amp;aacute;c&lt;/strong&gt;&lt;/li&gt;\r\n&lt;/ul&gt;\r\n', '2020-10-29 00:12:06', 1, 'BoHoaDoorsToHeavenCaoCap-web_1024x10242x.jpg', NULL),
	(28, 'B&igrave;nh Hoa Thủy Tinh Fire For The Soul', 679000.000, 0.000, 374, 'B&igrave;nh hoa thủy tinh kết hợp c&aacute;c loại hoa tươi như hoa Hồng, Cẩm Chướng v&agrave; C&aacute;t Tường thanh lịch nhưng kh&ocirc;ng k&eacute;m phần rực rỡ v&agrave; vui tươi sẽ l&agrave; m&oacute;n qu&agrave; bất ngờ v&agrave; ho&agrave;n hảo d&agrave;nh tặng người thương, gia đ&igrave;nh ho', '&lt;p&gt;&lt;em&gt;B&amp;igrave;nh Hoa Thủy Tinh Fire For The Soul&amp;nbsp;&lt;/em&gt;bao gồm:&lt;/p&gt;\r\n\r\n&lt;ul&gt;\r\n	&lt;li&gt;&lt;strong&gt;- 8 b&amp;ocirc;ng Hoa Hồng&lt;/strong&gt;&lt;/li&gt;\r\n	&lt;li&gt;&lt;strong&gt;- 4 Cẩm Chướng&lt;/strong&gt;&lt;/li&gt;\r\n	&lt;li&gt;&lt;strong&gt;- 5 c&amp;agrave;nh C&amp;aacute;t Tường&lt;/strong&gt;&lt;/li&gt;\r\n	&lt;li&gt;&lt;strong&gt;- B&amp;igrave;nh thủy tinh&lt;/strong&gt;&lt;/li&gt;\r\n	&lt;li&gt;&lt;strong&gt;-&amp;nbsp;C&amp;aacute;c loại Hoa v&amp;agrave; L&amp;aacute; kh&amp;aacute;c&lt;/strong&gt;&lt;/li&gt;\r\n&lt;/ul&gt;\r\n', '2020-10-28 23:53:45', 1, 'BinhHoaTh_yTinhFireForTheSoul_1024x10242x.jpg', NULL),
	(33, 'B&oacute; Hoa Hồng Ecuador Only You', 799000.000, 0.000, 501, 'B&oacute; hoa sang trọng v&agrave; thanh khiết với hoa Hồng Ecuador được g&oacute;i xinh xắn. Đ&acirc;y sẽ l&agrave; m&oacute;n qu&agrave; bất ngờ v&agrave; ho&agrave;n hảo d&agrave;nh tặng người thương, gia đ&igrave;nh hoặc bạn b&egrave;.', '&lt;p&gt;&lt;em&gt;B&amp;oacute; Hoa Only You&lt;/em&gt;&amp;nbsp;gồm:&lt;/p&gt;\r\n\r\n&lt;ul&gt;\r\n	&lt;li&gt;&lt;strong&gt;-&amp;nbsp;01 b&amp;ocirc;ng hoa Hồng Ecuador&lt;/strong&gt;&lt;/li&gt;\r\n	&lt;li&gt;&lt;strong&gt;- Hoa Baby&lt;/strong&gt;&lt;/li&gt;\r\n	&lt;li&gt;&lt;strong&gt;- C&amp;aacute;c loại hoa v&amp;agrave; l&amp;aacute; kh&amp;aacute;c&lt;/strong&gt;&lt;/li&gt;\r\n&lt;/ul&gt;\r\n', '2020-10-28 23:55:24', 1, 'onlyu_1_1024x10242x.jpg', NULL),
	(34, 'B&oacute; Hoa Pink Blush', 299000.000, 0.000, 367, 'B&oacute; hoa Hồng &amp; Đồng Tiền được g&oacute;i rất thanh lịch v&agrave; trang nh&atilde; l&agrave; lựa chọn ho&agrave;n hảo cho ng&agrave;y Valentine hoặc bất kỳ dịp đặc biệt n&agrave;o.', '&lt;p&gt;&lt;em&gt;B&amp;oacute; Hoa Pink Blush (Phi&amp;ecirc;n Bản Cơ Bản)&lt;/em&gt;&amp;nbsp;gồm:&lt;/p&gt;\r\n\r\n&lt;ul&gt;\r\n	&lt;li&gt;&lt;strong&gt;- 03 b&amp;ocirc;ng hoa Hồng&lt;/strong&gt;&lt;/li&gt;\r\n	&lt;li&gt;&lt;strong&gt;- 03 b&amp;ocirc;ng Đồng Tiền&lt;/strong&gt;&lt;/li&gt;\r\n	&lt;li&gt;&lt;strong&gt;- C&amp;aacute;c loại hoa &amp;amp; l&amp;aacute; kh&amp;aacute;c&lt;/strong&gt;&lt;/li&gt;\r\n&lt;/ul&gt;\r\n\r\n&lt;p&gt;&lt;em&gt;B&amp;oacute; Hoa Pink Blush (Phi&amp;ecirc;n Bản Đặc Biệt)&lt;/em&gt;&amp;nbsp;gồm:&lt;/p&gt;\r\n\r\n&lt;ul&gt;\r\n	&lt;li&gt;&lt;strong&gt;- 06 b&amp;ocirc;ng hoa Hồng&lt;/strong&gt;&lt;/li&gt;\r\n	&lt;li&gt;&lt;strong&gt;- 06 b&amp;ocirc;ng Đồng Tiền&lt;/strong&gt;&lt;/li&gt;\r\n	&lt;li&gt;&lt;strong&gt;- C&amp;aacute;c loại hoa &amp;amp; l&amp;aacute; kh&amp;aacute;c&lt;/strong&gt;&lt;/li&gt;\r\n&lt;/ul&gt;\r\n\r\n&lt;p&gt;&lt;em&gt;B&amp;oacute; Hoa Pink Blush (Phi&amp;ecirc;n Bản Cao Cấp)&lt;/em&gt;&amp;nbsp;gồm:&lt;/p&gt;\r\n\r\n&lt;ul&gt;\r\n	&lt;li&gt;&lt;strong&gt;- 12 b&amp;ocirc;ng hoa Hồng&lt;/strong&gt;&lt;/li&gt;\r\n	&lt;li&gt;&lt;strong&gt;-&amp;nbsp;12 b&amp;ocirc;ng Đồng Tiền&lt;/strong&gt;&lt;/li&gt;\r\n	&lt;li&gt;&lt;strong&gt;- C&amp;aacute;c loại hoa &amp;amp; l&amp;aacute; kh&amp;aacute;c&lt;/strong&gt;&lt;/li&gt;\r\n&lt;/ul&gt;\r\n', '2020-10-28 23:56:38', 1, 'pinkblush_1024x10242x.jpg', NULL),
	(38, 'Giỏ hoa Diamond Love', 569000.000, 0.000, 104, 'Những b&ocirc;ng hoa xinh đẹp được cắm tr&ecirc;n chiếc giỏ với m&agrave;u đen quyền qu&yacute; mang đến cảm gi&aacute;c mới lạ v&agrave; tr&agrave;n đầy sự ấm &aacute;p. Diamond Love tượng trưng cho t&igrave;nh y&ecirc;u trong s&aacute;ng ng&acirc;y thơ lu&ocirc;n bền vững theo năm th&aacute;ng như', '&lt;p&gt;&lt;em&gt;Giỏ Hoa Diamond Love gồm:&lt;/em&gt;&lt;/p&gt;\r\n\r\n&lt;ul&gt;\r\n	&lt;li&gt;&lt;strong&gt;- 8 b&amp;ocirc;ng&amp;nbsp;&lt;/strong&gt;&lt;strong&gt;Hoa Hồng&lt;/strong&gt;&lt;/li&gt;\r\n	&lt;li&gt;&lt;strong&gt;- 1 b&amp;ocirc;ng Cẩm T&amp;uacute; Cầu&lt;/strong&gt;&lt;/li&gt;\r\n	&lt;li&gt;&lt;strong&gt;- 5 b&amp;ocirc;ng C&amp;aacute;t Tường&lt;/strong&gt;&lt;/li&gt;\r\n	&lt;li&gt;&lt;strong&gt;- 1 b&amp;ocirc;ng C&amp;uacute;c&lt;/strong&gt;&lt;/li&gt;\r\n	&lt;li&gt;&lt;strong&gt;-&amp;nbsp;C&amp;aacute;c loại Hoa v&amp;agrave; L&amp;aacute; kh&amp;aacute;c&lt;/strong&gt;&lt;/li&gt;\r\n&lt;/ul&gt;\r\n', '2020-10-28 23:57:52', 1, 'diamondlove_1024x10242x.jpg', NULL),
	(50, 'Hộp Hoa Gỗ Sunshine Box', 619000.000, 0.000, 406, 'Hộp hoa bằng gỗ kết hợp c&aacute;c loại hoa tươi như hoa Hướng Dương v&agrave; C&aacute;t Tường tươi tắn sẽ l&agrave; m&oacute;n qu&agrave; bất ngờ v&agrave; ho&agrave;n hảo d&agrave;nh tặng người thương, gia đ&igrave;nh hoặc bạn b&egrave;.', '&lt;p&gt;&lt;em&gt;Hộp Hoa Gỗ Sunshine Box&lt;/em&gt;&amp;nbsp;bao gồm:&lt;/p&gt;\r\n\r\n&lt;ul&gt;\r\n	&lt;li&gt;&lt;strong&gt;- 4&amp;nbsp;b&amp;ocirc;ng Hoa Hướng Dương&lt;/strong&gt;&lt;/li&gt;\r\n	&lt;li&gt;&lt;strong&gt;- 7 c&amp;agrave;nh Hoa C&amp;aacute;t Tường&lt;/strong&gt;&lt;/li&gt;\r\n	&lt;li&gt;&lt;strong&gt;-&amp;nbsp;C&amp;aacute;c loại Hoa v&amp;agrave; L&amp;aacute; kh&amp;aacute;c&lt;/strong&gt;&lt;/li&gt;\r\n&lt;/ul&gt;\r\n', '2020-10-28 23:59:17', 1, 'H_pHoaG_SunshineBox_1024x10242x.jpg', NULL),
	(52, 'B&oacute; Hoa Hướng Dương Sunny Smile', 299000.000, 0.000, 453, 'B&oacute; hoa được g&oacute;i đẹp mắt v&agrave; hiện đại với sự kết hợp của Hướng Dương v&agrave; Salem t&iacute;m xinh xắn l&agrave; lựa chọn ho&agrave;n hảo cho ng&agrave;y Valentine hoặc bất kỳ dịp đặc biệt n&agrave;o.', '&lt;p&gt;&lt;em&gt;B&amp;oacute; Hoa Sunny Smile&amp;nbsp;&lt;/em&gt;gồm:&lt;/p&gt;\r\n\r\n&lt;ul&gt;\r\n	&lt;li&gt;&lt;strong&gt;- 03 b&amp;ocirc;ng Hướng Dương&lt;/strong&gt;&lt;/li&gt;\r\n	&lt;li&gt;&lt;strong&gt;- C&amp;aacute;c loại hoa &amp;amp; l&amp;aacute; kh&amp;aacute;c&lt;/strong&gt;&lt;/li&gt;\r\n&lt;/ul&gt;\r\n', '2020-10-29 00:00:32', 1, 'Hoa_Huong_Duong2.jpg', NULL),
	(53, 'B&oacute; Hoa Hướng Dương Shiny Baby', 419000.000, 0.000, 267, 'B&oacute; hoa m&agrave;u v&agrave;ng lộng lẫy v&agrave; rực rỡ với sự kết hợp của nhiều loại hoa tươi như hoa Hướng Dương v&agrave; C&uacute;c v&agrave;ng. Đ&acirc;y sẽ l&agrave; m&oacute;n qu&agrave; bất ngờ v&agrave; ho&agrave;n hảo d&agrave;nh tặng người thương, gia đ&igrave;nh hoặc bạn b&egrave;', '&lt;p&gt;&lt;em&gt;B&amp;oacute; Hoa Hướng Dương Shiny Baby&amp;nbsp;&lt;/em&gt;gồm:&lt;/p&gt;\r\n\r\n&lt;ul&gt;\r\n	&lt;li&gt;&lt;strong&gt;- 06 b&amp;ocirc;ng Hướng Dương&lt;/strong&gt;&lt;/li&gt;\r\n	&lt;li&gt;&lt;strong&gt;- Hoa C&amp;uacute;c v&amp;agrave;ng&lt;/strong&gt;&lt;/li&gt;\r\n	&lt;li&gt;&lt;strong&gt;-&amp;nbsp;C&amp;aacute;c loại Hoa v&amp;agrave; L&amp;aacute; kh&amp;aacute;c&lt;/strong&gt;&lt;/li&gt;\r\n&lt;/ul&gt;\r\n', '2020-10-29 00:01:12', 1, 'BoHoaH_ngD_ngShinyBaby_1024x10242x.jpg', NULL),
	(54, 'B&oacute; Hoa Hướng Dương Sunny Days', 319000.000, 0.000, 130, 'B&oacute; hoa rực rỡ kết hợp Hướng dương v&agrave; Salem t&iacute;m h&agrave;i h&ograve;a đẹp mắt. Lựa chọn ho&agrave;n hảo cho ng&agrave;y Valentine hoặc bất kỳ dịp đặc biệt n&agrave;o.', '&lt;p&gt;&lt;em&gt;B&amp;oacute; Hoa Sunny Days&amp;nbsp;&lt;/em&gt;gồm:&lt;/p&gt;\r\n\r\n&lt;ul&gt;\r\n	&lt;li&gt;&lt;strong&gt;- 05 b&amp;ocirc;ng Hướng Dương&lt;/strong&gt;&lt;/li&gt;\r\n	&lt;li&gt;&lt;strong&gt;- Salem t&amp;iacute;m&lt;/strong&gt;&lt;/li&gt;\r\n	&lt;li&gt;&lt;strong&gt;- C&amp;aacute;c loại hoa &amp;amp; l&amp;aacute; kh&amp;aacute;c&lt;/strong&gt;&lt;/li&gt;\r\n&lt;/ul&gt;\r\n', '2020-10-29 00:02:11', 1, 'Hoa_Huong_Duong.jpg', NULL),
	(55, 'B&oacute; Hoa Yellow Garden', 449000.000, 0.000, 264, 'B&oacute; hoa m&agrave;u v&agrave;ng lộng lẫy v&agrave; rực rỡ với sự kết hợp của nhiều loại hoa tươi như hoa Hướng Dương v&agrave; C&uacute;c v&agrave;ng. Đ&acirc;y sẽ l&agrave; m&oacute;n qu&agrave; bất ngờ v&agrave; ho&agrave;n hảo d&agrave;nh tặng người thương, gia đ&igrave;nh hoặc bạn b&egrave;', '&lt;p&gt;&lt;em&gt;B&amp;oacute; Hoa Hướng Dương Yellow Garden&amp;nbsp;&lt;/em&gt;bao gồm:&lt;/p&gt;\r\n\r\n&lt;ul&gt;\r\n	&lt;li&gt;&lt;strong&gt;- 4 b&amp;ocirc;ng Hướng Dương&lt;/strong&gt;&lt;/li&gt;\r\n	&lt;li&gt;&lt;strong&gt;- 3 c&amp;agrave;nh Hoa C&amp;uacute;c&lt;/strong&gt;&lt;/li&gt;\r\n	&lt;li&gt;&lt;strong&gt;-&amp;nbsp;C&amp;aacute;c loại Hoa v&amp;agrave; L&amp;aacute; kh&amp;aacute;c&lt;/strong&gt;&lt;/li&gt;\r\n&lt;/ul&gt;\r\n', '2020-10-29 00:02:51', 1, 'BoHoaYellowGarden_87092941-9d4c-42d3-a3cf-5f0694af9c0a_1024x10242x.jpg', NULL),
	(56, 'B&oacute; Hoa My Only Sunshine', 379000.000, 629000.000, 332, 'B&oacute; hoa xinh xắn v&agrave; đ&aacute;ng y&ecirc;u với Hướng Dương v&agrave; Baby trắng được g&oacute;i xinh xắn. Đ&acirc;y sẽ l&agrave; m&oacute;n qu&agrave; bất ngờ v&agrave; ho&agrave;n hảo d&agrave;nh tặng người thương, gia đ&igrave;nh hoặc bạn b&egrave;.', '&lt;p&gt;&lt;em&gt;B&amp;oacute; Hoa My Only Sunshine gồm:&lt;/em&gt;&lt;/p&gt;\r\n\r\n&lt;ul&gt;\r\n	&lt;li&gt;&lt;strong&gt;-&amp;nbsp;01 b&amp;ocirc;ng hoa Hướng Dương&lt;/strong&gt;&lt;/li&gt;\r\n	&lt;li&gt;&lt;strong&gt;- Hoa Baby trắng&lt;/strong&gt;&lt;/li&gt;\r\n&lt;/ul&gt;\r\n', '2020-10-29 00:03:54', 1, 'hoa-baby-bo-hoa-my-only-sunshine-1_1024x10242x.jpg', 1),
	(57, 'Giỏ Hoa Be Happy', 279000.000, 469000.000, 223, 'Giỏ hoa rực rỡ v&agrave; đầy sức sống với hoa Hướng Dương v&agrave; C&uacute;c v&agrave;ng tươi tắn. Đ&acirc;y sẽ l&agrave; m&oacute;n qu&agrave; bất ngờ v&agrave; ho&agrave;n hảo d&agrave;nh tặng người thương, gia đ&igrave;nh hoặc bạn b&egrave;. ', '&lt;p&gt;&lt;em&gt;Giỏ Hoa Be Happy&amp;nbsp;gồm:&lt;/em&gt;&lt;/p&gt;\r\n\r\n&lt;ul&gt;\r\n	&lt;li&gt;&lt;strong&gt;- 5 b&amp;ocirc;ng Hoa Hướng Dương&lt;/strong&gt;&lt;/li&gt;\r\n	&lt;li&gt;&lt;strong&gt;- C&amp;aacute;c loại hoa v&amp;agrave; l&amp;aacute; kh&amp;aacute;c&lt;/strong&gt;&lt;/li&gt;\r\n&lt;/ul&gt;\r\n', '2020-10-29 18:45:26', 1, 'Happy_1d07c191-8a68-414a-973c-fdb949a012fd_1024x10242x.jpg', 1),
	(58, 'B&oacute; Hoa Mindful Soul', 259000.000, 429000.000, 354, 'B&oacute; hoa nhỏ nhắn đ&aacute;ng y&ecirc;u với hoa Hướng Dương c&ugrave;ng Cẩm T&uacute; Cầu được g&oacute;i xinh xắn. Đ&acirc;y sẽ l&agrave; m&oacute;n qu&agrave; bất ngờ v&agrave; ho&agrave;n hảo d&agrave;nh tặng người thương, gia đ&igrave;nh hoặc bạn b&egrave;.', '&lt;p&gt;&lt;em&gt;B&amp;oacute; Hoa Mindful Soul gồm:&lt;/em&gt;&lt;/p&gt;\r\n\r\n&lt;ul&gt;\r\n	&lt;li&gt;&lt;strong&gt;-&amp;nbsp;03 b&amp;ocirc;ng Hướng Dương&lt;/strong&gt;&lt;/li&gt;\r\n	&lt;li&gt;&lt;strong&gt;- 03 b&amp;ocirc;ng Cẩm T&amp;uacute; Cầu&lt;/strong&gt;&lt;/li&gt;\r\n	&lt;li&gt;&lt;strong&gt;- C&amp;aacute;c loại hoa v&amp;agrave; l&amp;aacute; kh&amp;aacute;c&lt;/strong&gt;&lt;/li&gt;\r\n&lt;/ul&gt;\r\n', '2020-10-29 18:46:31', 1, 'mindfulsoul_1024x10242x.jpg', 3),
	(66, 'Giỏ Hoa Wonderland', 1329000.000, 0.000, 450, 'Giỏ hoa với sự kết hợp của rất nhiều loại hoa l&aacute;, vừa sang trọng, lại vừa xinh xắn, hiện đại, ph&ugrave; hợp gửi tặng cho bất kỳ ai, trong bất kỳ dịp n&agrave;o.', '&lt;p&gt;&lt;em&gt;Giỏ&amp;nbsp;Hoa Wonderland&amp;nbsp;gồm:&lt;/em&gt;&lt;/p&gt;\r\n\r\n&lt;ul&gt;\r\n	&lt;li&gt;&lt;strong&gt;- 5 B&amp;ocirc;ng Hồng&lt;/strong&gt;&lt;/li&gt;\r\n	&lt;li&gt;&lt;strong&gt;- 8 B&amp;ocirc;ng Đồng Tiền&lt;/strong&gt;&lt;/li&gt;\r\n	&lt;li&gt;&lt;strong&gt;- 3 B&amp;ocirc;ng C&amp;uacute;c&lt;/strong&gt;&lt;/li&gt;\r\n	&lt;li&gt;&lt;strong&gt;- 3 Hướng Dương&lt;/strong&gt;&lt;/li&gt;\r\n	&lt;li&gt;&lt;strong&gt;- C&amp;aacute;c loại hoa v&amp;agrave; l&amp;aacute; kh&amp;aacute;c&lt;/strong&gt;&lt;/li&gt;\r\n&lt;/ul&gt;\r\n', '2020-10-29 18:55:59', 1, 'wonderland_1024x10242x.jpg', NULL),
	(67, 'Hộp Hoa Gỗ Pretty Glory', 589000.000, 1119000.000, 424, 'Hộp hoa gỗ ho&agrave;nh tr&aacute;ng với sự g&oacute;p mặt của đồng tiền v&agrave; hướng dương - những lo&agrave;i hoa mang &yacute; nghĩa v&ocirc; c&ugrave;ng tốt l&agrave;nh để bạn gửi tặng trong bất kỳ dịp quan trọng n&agrave;o. ', '&lt;p&gt;&lt;em&gt;Hộp Hoa Pretty Glory gồm:&lt;/em&gt;&lt;/p&gt;\r\n\r\n&lt;ul&gt;\r\n	&lt;li&gt;&lt;strong&gt;-&amp;nbsp;15 B&amp;ocirc;ng Hướng Dương&lt;/strong&gt;&lt;/li&gt;\r\n	&lt;li&gt;&lt;strong&gt;- 10 B&amp;ocirc;ng Đồng Tiền&lt;/strong&gt;&lt;/li&gt;\r\n	&lt;li&gt;&lt;strong&gt;- Hoa Lan c&amp;ugrave;ng c&amp;aacute;c loại hoa v&amp;agrave; l&amp;aacute; kh&amp;aacute;c&lt;/strong&gt;&lt;/li&gt;\r\n&lt;/ul&gt;\r\n', '2020-10-29 18:48:42', 1, 'H_pHoaG_PrettyGlory_1024x10242x.jpg', 4),
	(71, 'B&oacute; Hoa Purple Desire', 439000.000, 0.000, 421, 'B&oacute; hoa độc đ&aacute;o với sự kết hợp của hoa Cẩm chướng v&agrave; C&aacute;t tường. Lựa chọn ho&agrave;n hảo cho ng&agrave;y Valentine hoặc bất kỳ dịp đặc biệt n&agrave;o.', '&lt;p&gt;&lt;em&gt;B&amp;oacute; Hoa Purple Desire&amp;nbsp;&lt;/em&gt;gồm:&lt;/p&gt;\r\n\r\n&lt;ul&gt;\r\n	&lt;li&gt;&lt;strong&gt;- 08 b&amp;ocirc;ng Cẩm Chướng t&amp;iacute;m&lt;/strong&gt;&lt;/li&gt;\r\n	&lt;li&gt;&lt;strong&gt;- 02 c&amp;agrave;nh C&amp;aacute;t Tường&lt;/strong&gt;&lt;/li&gt;\r\n	&lt;li&gt;&lt;strong&gt;- 06 b&amp;ocirc;ng Hồng&lt;/strong&gt;&lt;/li&gt;\r\n	&lt;li&gt;&lt;strong&gt;- C&amp;aacute;c loại hoa &amp;amp; l&amp;aacute; kh&amp;aacute;c&lt;/strong&gt;&lt;/li&gt;\r\n&lt;/ul&gt;\r\n', '2020-10-29 18:49:40', 1, 'BoHoaPurpleDesire_1024x10242x.jpg', NULL),
	(72, 'B&oacute; Hoa The Ocean Breeze', 499000.000, 0.000, 400, 'B&oacute; hoa mang gam m&agrave;u pastel đầy trang nh&atilde; v&agrave; duy&ecirc;n d&aacute;ng với sự kết hợp của nhiều loại hoa tươi như hoa Hồng, Cẩm chướng, C&aacute;t tường v&agrave; Cẩm t&uacute; cầu. Đ&acirc;y sẽ l&agrave; m&oacute;n qu&agrave; bất ngờ v&agrave; ho&agrave;n hảo d&agrave;nh tặng người thương, gia đ&igrave;nh hoặc bạn b&egrave;.', '&lt;p&gt;&lt;em&gt;B&amp;oacute; Hoa The Ocean Breeze Bridal (Phi&amp;ecirc;n Bản Cơ Bản)&lt;/em&gt;&amp;nbsp;bao gồm:&lt;/p&gt;\r\n\r\n&lt;ul&gt;\r\n	&lt;li&gt;&lt;strong&gt;- 4 b&amp;ocirc;ng Hoa Hồng&lt;/strong&gt;&lt;/li&gt;\r\n	&lt;li&gt;&lt;strong&gt;- 3&amp;nbsp;b&amp;ocirc;ng Cẩm Chướng Trắng&lt;/strong&gt;&lt;/li&gt;\r\n	&lt;li&gt;&lt;strong&gt;- 10 b&amp;ocirc;ng C&amp;aacute;t Tường&lt;/strong&gt;&lt;/li&gt;\r\n	&lt;li&gt;&lt;strong&gt;- 1 b&amp;ocirc;ng Cẩm T&amp;uacute; Cầu&lt;/strong&gt;&lt;/li&gt;\r\n	&lt;li&gt;&lt;strong&gt;-&amp;nbsp;C&amp;aacute;c loại Hoa v&amp;agrave; L&amp;aacute; kh&amp;aacute;c&lt;/strong&gt;&lt;/li&gt;\r\n&lt;/ul&gt;\r\n\r\n&lt;p&gt;&lt;em&gt;B&amp;oacute; Hoa The Ocean Breeze Bridal (Phi&amp;ecirc;n Bản Đặc Biệt)&lt;/em&gt;&amp;nbsp;bao gồm:&lt;/p&gt;\r\n\r\n&lt;ul&gt;\r\n	&lt;li&gt;&lt;strong&gt;- 6 b&amp;ocirc;ng Hoa Hồng&lt;/strong&gt;&lt;/li&gt;\r\n	&lt;li&gt;&lt;strong&gt;- 5 b&amp;ocirc;ng Cẩm Chướng Trắng&lt;/strong&gt;&lt;/li&gt;\r\n	&lt;li&gt;&lt;strong&gt;- 15 b&amp;ocirc;ng C&amp;aacute;t Tường&lt;/strong&gt;&lt;/li&gt;\r\n	&lt;li&gt;&lt;strong&gt;- 2 b&amp;ocirc;ng Cẩm T&amp;uacute; Cầu&lt;/strong&gt;&lt;/li&gt;\r\n	&lt;li&gt;&lt;strong&gt;-&amp;nbsp;C&amp;aacute;c loại Hoa v&amp;agrave; L&amp;aacute; kh&amp;aacute;c&lt;/strong&gt;&lt;/li&gt;\r\n&lt;/ul&gt;\r\n\r\n&lt;p&gt;&lt;em&gt;B&amp;oacute; Hoa The Ocean Breeze Bridal (Phi&amp;ecirc;n Bản Cao Cấp)&lt;/em&gt;&amp;nbsp;bao gồm:&lt;/p&gt;\r\n\r\n&lt;ul&gt;\r\n	&lt;li&gt;&lt;strong&gt;- 8 b&amp;ocirc;ng Hoa Hồng&lt;/strong&gt;&lt;/li&gt;\r\n	&lt;li&gt;&lt;strong&gt;- 7 b&amp;ocirc;ng Cẩm Chướng Trắng&lt;/strong&gt;&lt;/li&gt;\r\n	&lt;li&gt;&lt;strong&gt;- 20 b&amp;ocirc;ng C&amp;aacute;t Tường&lt;/strong&gt;&lt;/li&gt;\r\n	&lt;li&gt;&lt;strong&gt;- 3 b&amp;ocirc;ng Cẩm T&amp;uacute; Cầu&lt;/strong&gt;&lt;/li&gt;\r\n	&lt;li&gt;&lt;strong&gt;-&amp;nbsp;C&amp;aacute;c loại Hoa v&amp;agrave; L&amp;aacute; kh&amp;aacute;c&lt;/strong&gt;&lt;/li&gt;\r\n&lt;/ul&gt;\r\n', '2020-10-29 18:50:42', 1, 'BoHoaTheOceanBreezeBridal_1024x10242x.jpg', NULL),
	(74, 'B&oacute; Hoa Twilight', 749000.000, 0.000, 371, 'B&oacute; hoa độc đ&aacute;o với sự kết hợp của hoa Cẩm chướng v&agrave; C&aacute;t tường. Lựa chọn ho&agrave;n hảo cho ng&agrave;y Valentine hoặc bất kỳ dịp đặc biệt n&agrave;o.', '&lt;p&gt;&lt;em&gt;B&amp;oacute; Hoa Twilight&amp;nbsp;&lt;/em&gt;gồm:&lt;/p&gt;\r\n\r\n&lt;ul&gt;\r\n	&lt;li&gt;&lt;strong&gt;- 4 b&amp;ocirc;ng Hoa Hồng&lt;/strong&gt;&lt;/li&gt;\r\n	&lt;li&gt;&lt;strong&gt;- 8 b&amp;ocirc;ng Cẩm Chướng&lt;/strong&gt;&lt;/li&gt;\r\n	&lt;li&gt;&lt;strong&gt;- 10 b&amp;ocirc;ng C&amp;aacute;t Tường&lt;/strong&gt;&lt;/li&gt;\r\n	&lt;li&gt;&lt;strong&gt;- C&amp;aacute;c loại hoa v&amp;agrave; l&amp;aacute; kh&amp;aacute;c&lt;/strong&gt;&lt;/li&gt;\r\n&lt;/ul&gt;\r\n', '2020-10-29 18:52:03', 1, 'BoHoaTwilight_1024x10242x.jpg', NULL),
	(75, 'B&oacute; Hoa Autumn Melody', 439000.000, 0.000, 224, 'B&oacute; hoa si&ecirc;u to rực rỡ với sự kết hợp của c&aacute;c loại hoa m&agrave;u v&agrave;ng. Đ&acirc;y sẽ l&agrave; m&oacute;n qu&agrave; bất ngờ v&agrave; ho&agrave;n hảo d&agrave;nh tặng người thương, gia đ&igrave;nh hoặc bạn b&egrave;.', '&lt;p&gt;&lt;em&gt;B&amp;oacute; Hoa Autumn Melody&amp;nbsp;&lt;/em&gt;gồm:&lt;/p&gt;\r\n\r\n&lt;p&gt;&lt;strong&gt;-&amp;nbsp;06 b&amp;ocirc;ng Đồng Tiền&lt;/strong&gt;&lt;/p&gt;\r\n\r\n&lt;p&gt;&lt;strong&gt;- 08 b&amp;ocirc;ng Cẩm Chướng&lt;/strong&gt;&lt;/p&gt;\r\n\r\n&lt;p&gt;&lt;strong&gt;- C&amp;aacute;c loại hoa v&amp;agrave; l&amp;aacute; kh&amp;aacute;c&lt;/strong&gt;&lt;/p&gt;\r\n', '2020-10-29 18:52:51', 1, 'BoHoaAutumnMelody_1024x10242x.jpg', NULL),
	(77, 'Ng&agrave;y Tốt L&agrave;nh!', 239000.000, 0.000, 350, 'B&oacute; hoa C&uacute;c v&agrave;ng &amp; Cẩm chướng xinh xắn sẽ l&agrave; m&oacute;n qu&agrave; nhỏ đ&aacute;ng y&ecirc;u d&agrave;nh tặng bạn b&egrave; hay người thương của bạn.', '&lt;p&gt;&lt;em&gt;Ng&amp;agrave;y Tốt L&amp;agrave;nh!&lt;/em&gt;&amp;nbsp;gồm:&lt;/p&gt;\r\n\r\n&lt;ul&gt;\r\n	&lt;li&gt;&lt;strong&gt;- 02 b&amp;ocirc;ng C&amp;uacute;c&lt;/strong&gt;&lt;/li&gt;\r\n	&lt;li&gt;&lt;strong&gt;- 03 b&amp;ocirc;ng Cẩm Chướng&lt;/strong&gt;&lt;/li&gt;\r\n	&lt;li&gt;&lt;strong&gt;- C&amp;aacute;c loại hoa &amp;amp; l&amp;aacute; kh&amp;aacute;c&lt;/strong&gt;&lt;/li&gt;\r\n&lt;/ul&gt;\r\n', '2020-10-29 18:53:37', 1, 'NgayT_tLanh_1024x10242x.jpg', NULL),
	(80, 'Giỏ Hoa Anna', 329000.000, 549000.000, 241, 'Giỏ hoa rực rỡ v&agrave; đầy sức sống với hoa Hồng, Đồng Tiền &amp; Cẩm Chướng tươi tắn. Đ&acirc;y sẽ l&agrave; m&oacute;n qu&agrave; bất ngờ v&agrave; ho&agrave;n hảo d&agrave;nh tặng người thương, gia đ&igrave;nh hoặc bạn b&egrave;.', '&lt;p&gt;&lt;em&gt;Giỏ Hoa&amp;nbsp;Anna gồm:&lt;/em&gt;&lt;/p&gt;\r\n\r\n&lt;ul&gt;\r\n	&lt;li&gt;&lt;strong&gt;- 6 b&amp;ocirc;ng Hoa Hồng&lt;/strong&gt;&lt;/li&gt;\r\n	&lt;li&gt;&lt;strong&gt;- 7 b&amp;ocirc;ng Hoa Đồng Tiền&lt;/strong&gt;&lt;/li&gt;\r\n	&lt;li&gt;&lt;strong&gt;- 4 b&amp;ocirc;ng Hoa Cẩm Chướng&lt;/strong&gt;&amp;nbsp;&lt;/li&gt;\r\n&lt;/ul&gt;\r\n', '2020-10-29 18:56:50', 1, 'Anna_sGarden_007c9667-eb30-47d6-b724-b43f2d23c8e5_1024x10242x.jpg', 4),
	(82, 'B&oacute; Hoa Under The Blue Sky', 199000.000, 369000.000, 351, 'B&oacute; hoa ngọt ng&agrave;o v&agrave; thanh khiết với hoa Cẩm T&uacute; Cầu được g&oacute;i xinh xắn.\r\nĐ&acirc;y sẽ l&agrave; m&oacute;n qu&agrave; bất ngờ v&agrave; ho&agrave;n hảo d&agrave;nh tặng người thương, gia đ&igrave;nh hoặc bạn b&egrave;.', '&lt;p&gt;&lt;em&gt;B&amp;oacute; Hoa Under The Blue Sky&amp;nbsp;gồm:&lt;/em&gt;&lt;/p&gt;\r\n\r\n&lt;ul&gt;\r\n	&lt;li&gt;&lt;strong&gt;- 02 b&amp;ocirc;ng Cẩm T&amp;uacute; Cầu&lt;/strong&gt;&lt;/li&gt;\r\n	&lt;li&gt;&lt;strong&gt;- Hoa C&amp;uacute;c&lt;/strong&gt;&lt;/li&gt;\r\n	&lt;li&gt;&lt;strong&gt;- C&amp;aacute;c loại hoa v&amp;agrave; l&amp;aacute; kh&amp;aacute;c&lt;/strong&gt;&lt;/li&gt;\r\n&lt;/ul&gt;\r\n', '2020-10-29 19:03:28', 1, 'UnderTheBlueSky_1024x10242x.jpg', NULL),
	(84, 'B&oacute; Hoa Day Dreamer', 369000.000, 0.000, 411, 'B&oacute; hoa nhẹ nh&agrave;ng, mơ mộng với chất liệu ch&iacute;nh l&agrave; Cẩm T&uacute; Cầu, điểm th&ecirc;m v&agrave;i nh&aacute;nh C&uacute;c Mắt Nai xinh xắn. Day Dreamer l&agrave; lựa chọn ho&agrave;n hảo cho ng&agrave;y Valentine hoặc bất kỳ dịp đặc biệt n&agrave;o.', '&lt;p&gt;&lt;em&gt;B&amp;oacute; Hoa Day Dreamer&amp;nbsp;&lt;/em&gt;gồm:&lt;/p&gt;\r\n\r\n&lt;ul&gt;\r\n	&lt;li&gt;&lt;strong&gt;- 5 b&amp;ocirc;ng Cẩm T&amp;uacute; Cầu&lt;/strong&gt;&lt;/li&gt;\r\n	&lt;li&gt;&lt;strong&gt;- 3 c&amp;agrave;nh C&amp;uacute;c Mắt Nai&lt;/strong&gt;&lt;/li&gt;\r\n&lt;/ul&gt;\r\n', '2020-10-29 19:04:35', 1, 'daydreamer_1_1024x10242x.jpg', NULL),
	(85, 'B&oacute; Hoa Romantic Escape', 599000.000, 0.000, 339, 'B&oacute; hoa nhẹ nh&agrave;ng, mơ mộng với chất liệu ch&iacute;nh l&agrave; Cẩm T&uacute; Cầu, điểm th&ecirc;m v&agrave;i nh&aacute;nh C&uacute;c Mắt Nai xinh xắn. Day Dreamer l&agrave; lựa chọn ho&agrave;n hảo cho ng&agrave;y Valentine hoặc bất kỳ dịp đặc biệt n&agrave;o.', '&lt;p&gt;&lt;em&gt;B&amp;oacute; Hoa Day Dreamer&amp;nbsp;&lt;/em&gt;gồm:&lt;/p&gt;\r\n\r\n&lt;ul&gt;\r\n	&lt;li&gt;&lt;strong&gt;- 5 b&amp;ocirc;ng Cẩm T&amp;uacute; Cầu&lt;/strong&gt;&lt;/li&gt;\r\n	&lt;li&gt;&lt;strong&gt;- 3 c&amp;agrave;nh C&amp;uacute;c Mắt Nai&lt;/strong&gt;&lt;/li&gt;\r\n&lt;/ul&gt;\r\n', '2020-10-29 19:06:05', 1, 'romance-escape_1024x10242x.jpg', NULL),
	(86, 'B&oacute; Hoa Sweet Desire', 429000.000, 0.000, 387, 'B&oacute; hoa pastel được g&oacute;i theo phong c&aacute;ch H&agrave;n Quốc, mang m&agrave;u sắc rất trẻ trung v&agrave; thanh lịch.\r\nSự kết hợp giữa Hoa hồng da, Cẩm t&uacute; cầu v&agrave; hoa Cẩm chướng l&agrave; một trong lựa chọn ho&agrave;n hảo cho ng&agrave;y đặc biệt hoặc bất kỳ dịp n&agrave;o để d&agrave;nh tặng cho người m&igrave;nh y&ecirc;u thương.', '&lt;p&gt;&lt;em&gt;B&amp;oacute;&amp;nbsp;Hoa Sweet Desire&amp;nbsp;gồm:&lt;/em&gt;&lt;/p&gt;\r\n\r\n&lt;ul&gt;\r\n	&lt;li&gt;&lt;strong&gt;-&amp;nbsp;12 Hoa Hồng da&lt;/strong&gt;&lt;/li&gt;\r\n	&lt;li&gt;&lt;strong&gt;- Hoa Cẩm T&amp;uacute; Cầu&lt;/strong&gt;&lt;/li&gt;\r\n	&lt;li&gt;&lt;strong&gt;- Hoa Cẩm Chướng&lt;/strong&gt;&lt;/li&gt;\r\n	&lt;li&gt;&lt;strong&gt;- C&amp;aacute;c loại hoa &amp;amp; l&amp;aacute; kh&amp;aacute;c&lt;/strong&gt;&lt;/li&gt;\r\n&lt;/ul&gt;\r\n', '2020-10-29 19:09:10', 1, 'SweetDesire_Transparent_01_1024x10242x.jpg', NULL),
	(87, 'B&oacute; Hoa Million Little Things', 819000.000, 0.000, 379, 'B&oacute; hoa Million Little Things l&agrave; m&oacute;n qu&agrave; đ&aacute;ng y&ecirc;u với Cẩm T&uacute; Cầu v&acirc;y quanh bởi v&ocirc; v&agrave;n những b&ocirc;ng hoa Baby b&eacute; li ti nhưng lại rất đỗi xinh xắn, cũng như v&ocirc; v&agrave;n những điều nhỏ b&eacute; l&agrave;m n&ecirc;n chuyện t&igrave;nh cảm tươi đẹp giữa bạn v&agrave; người nhận vậy đ&oacute;.', '&lt;p&gt;&lt;em&gt;B&amp;oacute; Hoa Million Little Things&amp;nbsp;gồm:&lt;/em&gt;&lt;/p&gt;\r\n\r\n&lt;ul&gt;\r\n	&lt;li&gt;&lt;strong&gt;-&amp;nbsp;5 c&amp;agrave;nh Cẩm T&amp;uacute; Cầu&lt;/strong&gt;&lt;/li&gt;\r\n	&lt;li&gt;&lt;strong&gt;- Hoa Baby&lt;/strong&gt;&lt;/li&gt;\r\n	&lt;li&gt;&lt;strong&gt;- C&amp;aacute;c loại hoa v&amp;agrave; l&amp;aacute; kh&amp;aacute;c&lt;/strong&gt;&lt;/li&gt;\r\n&lt;/ul&gt;\r\n', '2020-10-29 19:10:01', 1, 'bo-hoa-million-little-things-1_1_1024x10242x.jpg', NULL),
	(88, 'B&oacute; Hoa Passionate Love', 639000.000, 0.000, 361, 'B&oacute; hoa hồng kết hợp c&ugrave;ng cẩm t&uacute; cầu đơn giản được g&oacute;i rất trẻ trung v&agrave; thanh lịch l&agrave; một trong lựa chọn ho&agrave;n hảo cho ng&agrave;y đặc biết hoặc bất kỳ dịp n&agrave;o để d&agrave;nh tặng cho người m&igrave;nh y&ecirc;u thương.', '&lt;p&gt;B&amp;oacute;&amp;nbsp;&lt;em&gt;Hoa&amp;nbsp;Passionate Love&amp;nbsp;&lt;/em&gt;gồm:&lt;/p&gt;\r\n\r\n&lt;ul&gt;\r\n	&lt;li&gt;&lt;strong&gt;- 16 b&amp;ocirc;ng Hoa Hồng&amp;nbsp;da&lt;/strong&gt;&lt;/li&gt;\r\n	&lt;li&gt;&lt;strong&gt;- Hoa Cẩm T&amp;uacute; Cầu&lt;/strong&gt;&lt;/li&gt;\r\n	&lt;li&gt;&lt;strong&gt;- C&amp;aacute;c loại hoa &amp;amp; l&amp;aacute; kh&amp;aacute;c&lt;/strong&gt;&lt;/li&gt;\r\n&lt;/ul&gt;\r\n', '2020-10-29 19:10:55', 1, 'PassionateLove_1024x10242x.jpg', NULL),
	(89, 'B&oacute; Hoa My Juliet', 329000.000, 0.000, 123, 'B&oacute; hoa pastel được g&oacute;i theo phong c&aacute;ch H&agrave;n Quốc, mang m&agrave;u sắc rất trẻ trung v&agrave; thanh lịch. Sự kết hợp giữa Cẩm t&uacute; cầu v&agrave; hoa Baby l&agrave; một trong lựa chọn ho&agrave;n hảo cho ng&agrave;y đặc biết hoặc bất kỳ dịp n&agrave;o để d&agrave;nh tặng cho người m&igrave;nh y&ecirc;u thương.', '&lt;p&gt;B&amp;oacute;&amp;nbsp;&lt;em&gt;Hoa&amp;nbsp;My Juliet&amp;nbsp;&lt;/em&gt;gồm:&lt;/p&gt;\r\n\r\n&lt;ul&gt;\r\n	&lt;li&gt;&lt;strong&gt;-&amp;nbsp;Hoa Baby&lt;/strong&gt;&lt;/li&gt;\r\n	&lt;li&gt;&lt;strong&gt;- Hoa Cẩm T&amp;uacute; Cầu&lt;/strong&gt;&lt;/li&gt;\r\n	&lt;li&gt;&lt;strong&gt;- C&amp;aacute;c loại hoa &amp;amp; l&amp;aacute; kh&amp;aacute;c&lt;/strong&gt;&lt;/li&gt;\r\n&lt;/ul&gt;\r\n', '2020-10-29 19:11:41', 1, 'my-juliet-123_67324705-d8c5-4876-8168-139b8bca1a56_1024x10242x.jpg', NULL),
	(90, 'B&oacute; Hoa My Princess', 419000.000, 0.000, 196, 'B&oacute; hoa ngọt ng&agrave;o v&agrave; thanh khiết với hoa Cẩm T&uacute; Cầu, Hoa C&uacute;c v&agrave; 12 b&ocirc;ng hồng da được g&oacute;i xinh xắn. Đ&acirc;y sẽ l&agrave; m&oacute;n qu&agrave; bất ngờ v&agrave; ho&agrave;n hảo d&agrave;nh tặng người thương, gia đ&igrave;nh hoặc bạn b&egrave;.', '&lt;p&gt;&lt;em&gt;B&amp;oacute; Hoa My Princess&lt;/em&gt;&amp;nbsp;gồm:&lt;/p&gt;\r\n\r\n&lt;ul&gt;\r\n	&lt;li&gt;&lt;strong&gt;- 1 B&amp;ocirc;ng Hoa Cẩm T&amp;uacute; Cầu&lt;/strong&gt;&lt;/li&gt;\r\n	&lt;li&gt;&lt;strong&gt;- 12 Hoa Hồng&amp;nbsp;&lt;/strong&gt;&lt;/li&gt;\r\n	&lt;li&gt;&lt;strong&gt;- Hoa C&amp;uacute;c&lt;/strong&gt;&lt;/li&gt;\r\n	&lt;li&gt;&lt;strong&gt;- 2 Hoa Đồng Tiền&lt;/strong&gt;&lt;/li&gt;\r\n	&lt;li&gt;&lt;strong&gt;- C&amp;aacute;c loại hoa v&amp;agrave; l&amp;aacute; kh&amp;aacute;c&lt;/strong&gt;&lt;/li&gt;\r\n&lt;/ul&gt;\r\n', '2020-10-29 19:12:17', 1, 'myprincess_1024x10242x.jpg', NULL),
	(91, 'B&oacute; Hoa Enchanted', 1549000.000, 0.000, 369, 'B&oacute; hoa Enchanted l&agrave; khu vườn lộng lẫy sắc thắm đang khoe m&igrave;nh trong &aacute;nh nắng chiều xu&acirc;n c&oacute; ch&uacute;t l&atilde;ng mạn, t&ocirc; điểm bởi hai gam m&agrave;u pastel v&agrave; hồng đỏ của những nh&agrave;nh Hồng, Cẩm Chướng, Đồng Tiền, Cẩm T&uacute; Cầu, Phi Yến, v&agrave; thật nhiều hoa Baby, đủ sức m&ecirc; hoặc bất kỳ ai.', '&lt;p&gt;&lt;em&gt;B&amp;oacute; Hoa Enchanted&amp;nbsp;&lt;/em&gt;gồm:&lt;/p&gt;\r\n\r\n&lt;ul&gt;\r\n	&lt;li&gt;&lt;strong&gt;-&amp;nbsp;15 b&amp;ocirc;ng Hồng&lt;/strong&gt;&lt;/li&gt;\r\n	&lt;li&gt;&lt;strong&gt;-&amp;nbsp;10 b&amp;ocirc;ng Cẩm Chướng&lt;/strong&gt;&lt;/li&gt;\r\n	&lt;li&gt;&lt;strong&gt;- 6 c&amp;agrave;nh Cẩm T&amp;uacute; Cầu&lt;/strong&gt;&lt;/li&gt;\r\n	&lt;li&gt;&lt;strong&gt;- Hoa Baby&lt;/strong&gt;&lt;/li&gt;\r\n	&lt;li&gt;&lt;strong&gt;- C&amp;aacute;c loại hoa v&amp;agrave; l&amp;aacute; kh&amp;aacute;c&lt;/strong&gt;&lt;/li&gt;\r\n&lt;/ul&gt;\r\n', '2020-10-29 19:15:15', 1, 'BoHoaEnchanted_1024x10242x.jpg', NULL),
	(92, 'Hộp Hoa Gỗ Sweet Tenderness', 879000.000, 0.000, 358, 'Hộp hoa gỗ ho&agrave;nh tr&aacute;ng t&ocirc;ng m&agrave;u trang nh&atilde; với sự g&oacute;p mặt của hoa hồng v&agrave; cẩm t&uacute; cầu - những lo&agrave;i hoa mang &yacute; nghĩa v&ocirc; c&ugrave;ng tốt l&agrave;nh để bạn gửi tặng trong bất kỳ dịp quan trọng n&agrave;o. ', '&lt;p&gt;&lt;em&gt;Hộp Hoa Gỗ Sweet Tenderness gồm:&lt;/em&gt;&lt;/p&gt;\r\n\r\n&lt;ul&gt;\r\n	&lt;li&gt;&lt;strong&gt;-&amp;nbsp;22 B&amp;ocirc;ng Hồng&lt;/strong&gt;&lt;/li&gt;\r\n	&lt;li&gt;&lt;strong&gt;- Hoa Lan c&amp;ugrave;ng c&amp;aacute;c loại hoa v&amp;agrave; l&amp;aacute; kh&amp;aacute;c&lt;/strong&gt;&lt;/li&gt;\r\n&lt;/ul&gt;\r\n', '2020-10-29 19:16:20', 1, 'H_pHoaG_SweetTenderness_1024x10242x.jpg', NULL),
	(93, 'B&oacute; Hoa Crystal Pearl', 499000.000, 0.000, 390, 'B&oacute; hoa nhẹ nh&agrave;ng v&agrave; thanh khiết với hoa Cẩm T&uacute; Cầu đan xen với những đ&oacute;a hoa C&uacute;c Tana được g&oacute;i xinh xắn bằng giấy Kraft. Đ&acirc;y sẽ l&agrave; m&oacute;n qu&agrave; xinh xắn v&agrave; ho&agrave;n hảo d&agrave;nh tặng người thương, gia đ&igrave;nh hoặc bạn b&egrave;.', '&lt;p&gt;&lt;em&gt;&amp;nbsp;B&amp;oacute; Hoa Crystal Pearl bao gồm:&lt;/em&gt;&lt;/p&gt;\r\n\r\n&lt;p&gt;- 3 B&amp;ocirc;ng Cẩm T&amp;uacute; Cầu&lt;/p&gt;\r\n\r\n&lt;p&gt;- Hoa C&amp;uacute;c Tana&lt;/p&gt;\r\n\r\n&lt;p&gt;- C&amp;aacute;c loại hoa v&amp;agrave; l&amp;aacute; kh&amp;aacute;c&lt;/p&gt;\r\n', '2020-10-29 19:23:28', 1, 'BoHoaCrystalPearlonweb_1024x10242x.jpg', NULL),
	(94, 'B&oacute; Hoa Intense Love', 539000.000, 969000.000, 204, 'B&oacute; hoa hồng kết hợp c&ugrave;ng cẩm t&uacute; cầu đơn giản ngọt ng&agrave;o v&agrave; thanh khiết sẽ l&agrave; một m&oacute;n qu&agrave; bất ngờ v&agrave; ho&agrave;n hảo đanh tặng cho người th&acirc;n, gia đ&igrave;nh v&agrave; bạn b&egrave;. ', '&lt;p&gt;B&amp;oacute;&amp;nbsp;&lt;em&gt;Hoa Intense Love&amp;nbsp;&lt;/em&gt;gồm:&lt;/p&gt;\r\n\r\n&lt;ul&gt;\r\n	&lt;li&gt;&lt;strong&gt;- 16 b&amp;ocirc;ng Hoa Hồng đỏ&lt;/strong&gt;&lt;/li&gt;\r\n	&lt;li&gt;&lt;strong&gt;- Hoa Cẩm T&amp;uacute; Cầu&lt;/strong&gt;&lt;/li&gt;\r\n	&lt;li&gt;&lt;strong&gt;- C&amp;aacute;c loại hoa &amp;amp; l&amp;aacute; kh&amp;aacute;c&lt;/strong&gt;&amp;nbsp;&lt;/li&gt;\r\n&lt;/ul&gt;\r\n', '2020-10-29 20:06:09', 1, 'intense-love-1_1024x10242x.jpg', 1),
	(96, 'Hộp Hoa Gỗ Sweet Blossom', 779000.000, 0.000, 114, 'Hộp hoa gỗ với sự g&oacute;p mặt của hoa hồng, hoa cẩm t&uacute; cầu v&agrave; cẩm chướng - mang gửi gắm những điều tốt l&agrave;nh đến người nhận.\r\nGiỏ hoa Sweet Blossom trang nh&atilde; v&agrave; thanh lịch th&iacute;ch hợp để tặng trong bất kỳ dịp quan trọng n&agrave;o. ', '&lt;p&gt;&lt;em&gt;Hộp Hoa Sweet Blossom&amp;nbsp;gồm:&lt;/em&gt;&lt;/p&gt;\r\n\r\n&lt;ul&gt;\r\n	&lt;li&gt;&lt;strong&gt;-&amp;nbsp;3 B&amp;ocirc;ng&amp;nbsp;Hồng&lt;/strong&gt;&lt;/li&gt;\r\n	&lt;li&gt;&lt;strong&gt;-&amp;nbsp;2 B&amp;ocirc;ng Cẩm T&amp;uacute; Cầu&lt;/strong&gt;&lt;/li&gt;\r\n	&lt;li&gt;&lt;strong&gt;- 3 B&amp;ocirc;ng Cẩm Chướng&amp;nbsp;&lt;/strong&gt;&lt;/li&gt;\r\n	&lt;li&gt;&lt;strong&gt;- Hoa M&amp;otilde;m S&amp;oacute;i&lt;/strong&gt;&lt;/li&gt;\r\n	&lt;li&gt;&lt;strong&gt;- Hoa Thủy Ti&amp;ecirc;n&lt;/strong&gt;&lt;/li&gt;\r\n	&lt;li&gt;&lt;strong&gt;- C&amp;aacute;c loại hoa v&amp;agrave; l&amp;aacute; kh&amp;aacute;c&lt;/strong&gt;&lt;/li&gt;\r\n&lt;/ul&gt;\r\n', '2020-10-29 19:26:34', 1, 'H_pHoaG_SweetBlossom_1024x10242x.jpg', NULL),
	(100, 'B&oacute; Hoa Young &amp; Beautiful', 349000.000, 569000.000, 283, 'B&oacute; hoa Baby trắng mang vẻ nhẹ nh&agrave;ng v&agrave; trong s&aacute;ng sẽ l&agrave; m&oacute;n qu&agrave; bất ngờ v&agrave; ho&agrave;n hảo d&agrave;nh tặng người thương, gia đ&igrave;nh hoặc bạn b&egrave;.', '', '2020-10-29 20:05:39', 1, 'youngandbeautiful_1024x10242x.jpg', 1),
	(101, 'B&oacute; hoa Shining Ruby', 949000.000, 0.000, 342, 'M&oacute;n qu&agrave; l&atilde;ng mạn v&agrave; tinh tế d&agrave;nh tặng người thương, gia đ&igrave;nh hoặc bạn b&egrave;. ', '&lt;p&gt;&lt;em&gt;B&amp;oacute; Hoa Shining Ruby&amp;nbsp;&lt;/em&gt;&lt;em&gt;gồm:&lt;/em&gt;&lt;/p&gt;\r\n\r\n&lt;ul&gt;\r\n	&lt;li&gt;&lt;strong&gt;- 36&lt;/strong&gt;&lt;strong&gt;&amp;nbsp;Hoa Hồng Đỏ&lt;/strong&gt;&lt;/li&gt;\r\n	&lt;li&gt;&lt;strong&gt;-&amp;nbsp;&lt;/strong&gt;&lt;strong&gt;Hoa&amp;nbsp;Baby&lt;/strong&gt;&lt;/li&gt;\r\n	&lt;li&gt;&lt;strong&gt;- C&amp;aacute;c loại hoa v&amp;agrave; l&amp;aacute; kh&amp;aacute;c&lt;/strong&gt;&lt;/li&gt;\r\n&lt;/ul&gt;\r\n', '2020-10-29 19:29:01', 1, 'Shining-Ruby_1024x10242x.jpg', NULL),
	(102, 'B&oacute; Hoa Love At First Sight', 1039000.000, 0.000, 283, 'Love At First Sight l&agrave; lời th&uacute; nhận ngọt ng&agrave;o về t&igrave;nh y&ecirc;u của bạn d&agrave;nh tặng cho người m&igrave;nh lu&ocirc;n thương mến!', '&lt;p&gt;&lt;em&gt;B&amp;oacute; Hoa Love At First Sight&amp;nbsp;&lt;/em&gt;gồm:&lt;/p&gt;\r\n\r\n&lt;p&gt;&lt;strong&gt;-&amp;nbsp;12 b&amp;ocirc;ng Hồng đỏ&lt;/strong&gt;&lt;/p&gt;\r\n\r\n&lt;p&gt;&lt;strong&gt;- Hoa Baby&lt;/strong&gt;&lt;/p&gt;\r\n\r\n&lt;p&gt;&lt;strong&gt;- C&amp;aacute;c loại hoa v&amp;agrave; l&amp;aacute; kh&amp;aacute;c&lt;/strong&gt;&lt;/p&gt;\r\n', '2020-10-29 19:40:58', 1, 'bo-hoa-love-at-first-sight-1_1_1024x10242x.jpg', NULL),
	(103, 'B&oacute; Hoa Gentle Love', 759000.000, 0.000, 175, 'B&oacute; hoa sang trọng v&agrave; thanh khiết với hoa Hồng trắng được g&oacute;i xinh xắn. Đ&acirc;y sẽ l&agrave; m&oacute;n qu&agrave; bất ngờ v&agrave; ho&agrave;n hảo d&agrave;nh tặng người thương, gia đ&igrave;nh hoặc bạn b&egrave;.', '&lt;p&gt;&lt;em&gt;B&amp;oacute; Hoa Gentle Love&amp;nbsp;&lt;/em&gt;gồm:&lt;/p&gt;\r\n\r\n&lt;ul&gt;\r\n	&lt;li&gt;&lt;strong&gt;-&amp;nbsp;01 b&amp;ocirc;ng Hoa Hồng&lt;/strong&gt;&lt;/li&gt;\r\n	&lt;li&gt;&lt;strong&gt;- Hoa Baby&lt;/strong&gt;&lt;/li&gt;\r\n	&lt;li&gt;&lt;strong&gt;- C&amp;aacute;c loại hoa v&amp;agrave; l&amp;aacute; kh&amp;aacute;c&lt;/strong&gt;&lt;/li&gt;\r\n&lt;/ul&gt;\r\n', '2020-10-29 19:57:58', 1, 'gentle-love-hcmc-hanoi_1024x10242x.jpg', NULL),
	(104, 'B&oacute; Hoa Roseanne', 449000.000, 749000.000, 295, 'Những đ&oacute;a hoa hồng phần xen kẽ b&ocirc;ng hoa c&aacute;t tường v&agrave; hoa baby xinh xắn được g&oacute;i đặc biệt bằng giấy kraft với d&ograve;ng chữ &quot;Gorgeous You - For The Beautiful&quot; thể hiện th&ocirc;ng điệp một c&aacute;ch tinh tế cho người thương y&ecirc;u của bạn, ph&ugrave; hợp để bạn gửi tặng v&agrave;o những dịp đặc biệt.', '&lt;p&gt;&lt;em&gt;B&amp;oacute; Hoa Roseanne&amp;nbsp;&lt;/em&gt;gồm:&lt;/p&gt;\r\n\r\n&lt;ul&gt;\r\n	&lt;li&gt;&lt;strong&gt;- 10 B&amp;ocirc;ng Hoa Hồng Phấn&lt;/strong&gt;&lt;/li&gt;\r\n	&lt;li&gt;&lt;strong&gt;- 3 B&amp;ocirc;ng Hoa C&amp;aacute;t Tường&lt;/strong&gt;&lt;/li&gt;\r\n	&lt;li&gt;&lt;strong&gt;- Hoa Baby&lt;/strong&gt;&lt;/li&gt;\r\n	&lt;li&gt;&lt;strong&gt;- C&amp;aacute;c loại hoa v&amp;agrave; l&amp;aacute; kh&amp;aacute;c&lt;/strong&gt;&amp;nbsp;&lt;/li&gt;\r\n&lt;/ul&gt;\r\n', '2020-10-29 20:03:48', 1, 'Bo-Hoa-Roseanne_1024x10242x.jpg', NULL),
	(105, 'Hộp Hoa Blooms Of Love', 1029000.000, 0.000, 502, 'Hộp hoa t&ocirc;ng m&agrave;u hồng pastel vừa trang nh&atilde; vừa ngọt ng&agrave;o với sự kết hợp của c&aacute;c loại hoa như hoa hồng, hoa đồng tiền v&agrave; hoa baby.\r\nGiỏ hoa Blooms Of Love th&iacute;ch hợp để tặng cho người th&acirc;n hay cho bất kỳ ai bạn y&ecirc;u mến. ', '&lt;p&gt;&lt;em&gt;Hộp Hoa&amp;nbsp;Blooms Of Love gồm:&lt;/em&gt;&lt;/p&gt;\r\n\r\n&lt;ul&gt;\r\n	&lt;li&gt;&lt;strong&gt;- 20 B&amp;ocirc;ng Hoa Hồng&lt;/strong&gt;&lt;/li&gt;\r\n	&lt;li&gt;&lt;strong&gt;-&amp;nbsp;B&amp;ocirc;ng Đồng Tiền&lt;/strong&gt;&lt;/li&gt;\r\n	&lt;li&gt;&lt;strong&gt;- Hoa Baby&lt;/strong&gt;&lt;/li&gt;\r\n	&lt;li&gt;&lt;strong&gt;-&amp;nbsp;C&amp;aacute;c loại hoa v&amp;agrave; l&amp;aacute; kh&amp;aacute;c&lt;/strong&gt;&lt;/li&gt;\r\n&lt;/ul&gt;\r\n', '2020-10-29 20:04:37', 1, 'Blooms-Of-Love_dc2f1bd1-fc27-4f43-b2bd-2a2529aff895_1024x10242x.jpg', NULL),
	(107, 'B&oacute; Hoa Cherish Bridal', 789000.000, 0.000, 409, 'B&oacute; hoa lạ mắt với b&ocirc;ng bi m&agrave;u t&iacute;m sẽ l&agrave; người bạn đồng h&agrave;nh trong ng&agrave;y quan trọng của hai bạn.', '&lt;p&gt;&lt;em&gt;B&amp;oacute; hoa Cherish (Phi&amp;ecirc;n Bản Cơ Bản)&amp;nbsp;&lt;/em&gt;gồm:&lt;/p&gt;\r\n\r\n&lt;ul&gt;\r\n	&lt;li&gt;&lt;strong&gt;4 c&amp;agrave;nh Baby&lt;/strong&gt;&lt;/li&gt;\r\n	&lt;li&gt;&lt;strong&gt;C&amp;aacute;c loại hoa v&amp;agrave; l&amp;aacute; kh&amp;aacute;c&lt;/strong&gt;&lt;/li&gt;\r\n&lt;/ul&gt;\r\n\r\n&lt;p&gt;&lt;em&gt;B&amp;oacute; hoa Cherish (Phi&amp;ecirc;n Bản Đặc Biệt)&amp;nbsp;&lt;/em&gt;gồm:&lt;/p&gt;\r\n\r\n&lt;ul&gt;\r\n	&lt;li&gt;&lt;strong&gt;6&amp;nbsp;&lt;/strong&gt;&lt;strong&gt;c&amp;agrave;nh Baby&lt;/strong&gt;&lt;/li&gt;\r\n	&lt;li&gt;&lt;strong&gt;C&amp;aacute;c loại hoa v&amp;agrave; l&amp;aacute; kh&amp;aacute;c&lt;/strong&gt;&lt;/li&gt;\r\n&lt;/ul&gt;\r\n\r\n&lt;p&gt;&lt;em&gt;B&amp;oacute; hoa Cherish (Phi&amp;ecirc;n Bản Cao Cấp)&amp;nbsp;&lt;/em&gt;gồm:&lt;/p&gt;\r\n\r\n&lt;ul&gt;\r\n	&lt;li&gt;&lt;strong&gt;10 c&amp;agrave;nh Baby&lt;/strong&gt;&lt;/li&gt;\r\n	&lt;li&gt;&lt;strong&gt;C&amp;aacute;c loại hoa v&amp;agrave; l&amp;aacute; kh&amp;aacute;c&lt;/strong&gt;&lt;/li&gt;\r\n&lt;/ul&gt;\r\n', '2020-10-25 09:34:38', 1, 'BoHoaCherishBridal_1024x10242x.jpg', NULL),
	(108, 'B&oacute; Hoa C&uacute;c Tana Pure Joy', 299000.000, 529000.000, 498, 'B&oacute; hoa nhẹ nh&agrave;ng v&agrave; thanh khiết với hoa C&uacute;c Tana được g&oacute;i xinh xắn.\r\nĐ&acirc;y sẽ l&agrave; m&oacute;n qu&agrave; bất ngờ v&agrave; ho&agrave;n hảo d&agrave;nh tặng người thương, gia đ&igrave;nh hoặc bạn b&egrave;.', '', '2020-10-29 20:23:14', 1, 'purejoy_1024x10242x.jpg', NULL),
	(111, 'B&igrave;nh Hoa Thủy Tinh Loving Me Softly', 639000.000, 0.000, 388, 'B&igrave;nh hoa thủy tinh kết hợp c&aacute;c loại hoa tươi như hoa C&aacute;t Tường v&agrave; C&uacute;c trắng đầy thanh lịch v&agrave; nhẹ nh&agrave;ng sẽ l&agrave; m&oacute;n qu&agrave; bất ngờ v&agrave; ho&agrave;n hảo d&agrave;nh tặng người thương, gia đ&igrave;nh hoặc bạn b&egrave;.', '&lt;p&gt;&lt;em&gt;B&amp;igrave;nh Hoa Thủy Tinh Loving Me Softly (Cắm Nửa Mặt)&lt;/em&gt;&amp;nbsp;bao gồm:&lt;/p&gt;\r\n\r\n&lt;ul&gt;\r\n	&lt;li&gt;&lt;strong&gt;- 3 c&amp;agrave;nh Hoa C&amp;aacute;t Tường&lt;/strong&gt;&lt;/li&gt;\r\n	&lt;li&gt;&lt;strong&gt;- B&amp;igrave;nh thủy tinh&lt;/strong&gt;&lt;/li&gt;\r\n	&lt;li&gt;&lt;strong&gt;-&amp;nbsp;C&amp;aacute;c loại Hoa v&amp;agrave; L&amp;aacute; kh&amp;aacute;c&lt;/strong&gt;&lt;/li&gt;\r\n&lt;/ul&gt;\r\n', '2020-10-29 20:24:03', 1, 'BinhHoaTh_yTinhLovingMeSoftly_1024x10242x.jpg', NULL),
	(115, 'Giỏ Hoa Midsummer', 619000.000, 0.000, 100, 'Giỏ hoa tr&agrave;n đầy sức sống v&agrave; kh&ocirc;ng kh&iacute; m&ugrave;a h&egrave; với m&agrave;u trắng của hoa Sen, Lily, C&uacute;c v&agrave; m&agrave;u xanh của Green Wicky.\r\nĐ&oacute;n m&ugrave;a h&egrave; c&ugrave;ng Giỏ hoa Midsummer &quot;Hạ Ch&iacute;&quot;- m&oacute;n qu&agrave; bất ngờ v&agrave; ho&agrave;n hảo d&agrave;nh tặng người thương, gia đ&igrave;nh hoặc bạn b&egrave;.', '&lt;p&gt;&lt;em&gt;Giỏ Hoa Midsummer&amp;nbsp;gồm:&lt;/em&gt;&lt;/p&gt;\r\n\r\n&lt;ul&gt;\r\n	&lt;li&gt;&lt;strong&gt;- 5 b&amp;ocirc;ng Hoa&amp;nbsp;Hồng&lt;/strong&gt;&lt;/li&gt;\r\n	&lt;li&gt;&lt;strong&gt;- 1 c&amp;agrave;nh C&amp;uacute;c&lt;/strong&gt;&lt;/li&gt;\r\n	&lt;li&gt;&lt;strong&gt;- 4 c&amp;agrave;nh C&amp;aacute;t Tường&lt;/strong&gt;&lt;/li&gt;\r\n	&lt;li&gt;&lt;strong&gt;- 2 Hoa Lily&lt;/strong&gt;&lt;/li&gt;\r\n	&lt;li&gt;&lt;strong&gt;- Hoa Sen c&amp;ugrave;ng c&amp;aacute;c loại hoa v&amp;agrave; l&amp;aacute; kh&amp;aacute;c&lt;/strong&gt;&lt;/li&gt;\r\n&lt;/ul&gt;\r\n', '2020-10-29 20:24:48', 1, 'midsum_1024x10242x.jpg', NULL),
	(116, 'B&oacute; Hoa Be Grateful', 529000.000, 0.000, 216, 'B&oacute; hoa sang trọng với c&aacute;c loại hoa C&uacute;c được g&oacute;i xinh xắn. Đ&acirc;y sẽ l&agrave; m&oacute;n qu&agrave; bất ngờ v&agrave; ho&agrave;n hảo d&agrave;nh tặng người thương, gia đ&igrave;nh hoặc bạn b&egrave;.', '&lt;p&gt;&lt;em&gt;B&amp;oacute; hoa Be Grateful&amp;nbsp;&lt;/em&gt;gồm:&lt;/p&gt;\r\n\r\n&lt;ul&gt;\r\n	&lt;li&gt;&lt;strong&gt;-&amp;nbsp;06 b&amp;ocirc;ng hoa C&amp;uacute;c&lt;/strong&gt;&lt;/li&gt;\r\n	&lt;li&gt;&lt;strong&gt;- 03 b&amp;ocirc;ng Cẩm Chướng&lt;/strong&gt;&lt;/li&gt;\r\n	&lt;li&gt;&lt;strong&gt;- C&amp;aacute;c loại hoa v&amp;agrave; l&amp;aacute; kh&amp;aacute;c&lt;/strong&gt;&lt;/li&gt;\r\n&lt;/ul&gt;\r\n', '2020-10-29 20:27:41', 1, 'bo-hoa-be-grateful-1_1_1024x10242x.jpg', NULL),
	(117, 'B&oacute; Hoa Pinky Promise', 549000.000, 0.000, 399, 'B&oacute; hoa Pinky Promise xinh xắn v&agrave; đ&aacute;ng y&ecirc;u với sự kết hợp của hoa Hồng, C&uacute;c Tana v&agrave; C&aacute;t Tường tượng trưng cho lời hứa ngọt ng&agrave;o giữa hai người. Đ&acirc;y sẽ l&agrave; m&oacute;n qu&agrave; bất ngờ v&agrave; ho&agrave;n hảo d&agrave;nh tặng người thương, gia đ&igrave;nh hoặc bạn b&egrave;.', '&lt;p&gt;&lt;em&gt;B&amp;oacute; Hoa Pinky Promise&amp;nbsp;&lt;/em&gt;gồm:&lt;/p&gt;\r\n\r\n&lt;ul&gt;\r\n	&lt;li&gt;&lt;strong&gt;-&amp;nbsp;4 b&amp;ocirc;ng Hoa Hồng&lt;/strong&gt;&lt;/li&gt;\r\n	&lt;li&gt;&lt;strong&gt;- B&amp;ocirc;ng C&amp;aacute;t Tường&lt;/strong&gt;&lt;/li&gt;\r\n	&lt;li&gt;&lt;strong&gt;- B&amp;ocirc;ng C&amp;uacute;c&lt;/strong&gt;&lt;/li&gt;\r\n	&lt;li&gt;&lt;strong&gt;- C&amp;aacute;c loại hoa &amp;amp; l&amp;aacute; kh&amp;aacute;c&lt;/strong&gt;&lt;/li&gt;\r\n&lt;/ul&gt;\r\n', '2020-10-29 20:28:24', 1, 'pink-promise-4_6a97191d-5eed-4693-96d7-e1881a8e408f_1024x10242x.jpg', NULL),
	(118, 'B&oacute; Hoa Dream Of You', 429000.000, 0.000, 210, 'Những đ&oacute;a hoa hồng đan xen với hoa c&aacute;t tường v&agrave; hoa đồng tiền xinh đẹp được g&oacute;i đặc biệt bằng giấy kraft với d&ograve;ng chữ &quot;Gorgeous You - For The Beautiful&quot; thể hiện th&ocirc;ng điệp một c&aacute;ch tinh tế cho người thương y&ecirc;u của bạn, ph&ugrave; hợp để bạn gửi tặng v&agrave;o những dịp đặc biệt.', '&lt;p&gt;&lt;em&gt;B&amp;oacute; Hoa Dream Of You&amp;nbsp;&lt;/em&gt;gồm:&lt;/p&gt;\r\n\r\n&lt;ul&gt;\r\n	&lt;li&gt;&lt;strong&gt;- 10 B&amp;ocirc;ng Hoa Hồng&lt;/strong&gt;&lt;/li&gt;\r\n	&lt;li&gt;&lt;strong&gt;- 3 B&amp;ocirc;ng Hoa Đồng Tiền&lt;/strong&gt;&lt;/li&gt;\r\n	&lt;li&gt;&lt;strong&gt;- C&amp;aacute;c loại hoa v&amp;agrave; l&amp;aacute; kh&amp;aacute;c&lt;/strong&gt;&amp;nbsp;&lt;/li&gt;\r\n&lt;/ul&gt;\r\n', '2020-10-29 20:30:58', 1, 'BoHoaDreamofYou_1024x10242x.jpg', NULL),
	(119, 'Giỏ Hoa C&aacute;t Tường &amp; Cẩm Chướng Trắng Eternal Bond', 539000.000, 0.000, 115, 'Gửi giỏ hoa trắng từ Cẩm Chướng &amp; C&aacute;t Tường đến người bạn y&ecirc;u mến.', '&lt;p&gt;&lt;em&gt;Giỏ hoa&amp;nbsp;Eternal Bond gồm:&lt;/em&gt;&lt;/p&gt;\r\n\r\n&lt;ul&gt;\r\n	&lt;li&gt;&lt;strong&gt;&lt;em&gt;- 15 c&amp;agrave;nh C&amp;aacute;t Tường&lt;/em&gt;&lt;/strong&gt;&lt;/li&gt;\r\n	&lt;li&gt;&lt;strong&gt;&lt;em&gt;- 10 c&amp;agrave;nh Cẩm Chướng&lt;/em&gt;&lt;/strong&gt;&lt;/li&gt;\r\n	&lt;li&gt;&lt;strong&gt;&lt;em&gt;- C&amp;aacute;c loại hoa v&amp;agrave; l&amp;aacute; kh&amp;aacute;c&lt;/em&gt;&lt;/strong&gt;&lt;/li&gt;\r\n&lt;/ul&gt;\r\n', '2020-10-29 20:21:57', 1, '20201029142157_nMvHKPfK4HreMmO8hTWtamR9G020G5v0Bv9DyPRJ.jpeg', NULL),
	(120, 'Hộp Hoa Miss Globe', 519000.000, 0.000, 321, 'Hộp hoa C&aacute;t Tường, Cẩm Chướng &amp; Salem rất thanh lịch v&agrave; sang trọng l&agrave; lựa chọn ho&agrave;n hảo cho ng&agrave;y Valentine hoặc bất kỳ dịp đặc biệt n&agrave;o.', '&lt;p&gt;&lt;em&gt;Hộp Hoa Miss Globe (Cắm Nửa Mặt)&lt;/em&gt;&amp;nbsp;gồm:&lt;/p&gt;\r\n\r\n&lt;ul&gt;\r\n	&lt;li&gt;&lt;strong&gt;- 06 b&amp;ocirc;ng Cẩm Chướng&lt;/strong&gt;&lt;/li&gt;\r\n	&lt;li&gt;&lt;strong&gt;- 5 b&amp;ocirc;ng C&amp;aacute;t Tường&lt;/strong&gt;&lt;/li&gt;\r\n	&lt;li&gt;&lt;strong&gt;- C&amp;aacute;c loại hoa &amp;amp; l&amp;aacute; kh&amp;aacute;c&lt;/strong&gt;&lt;/li&gt;\r\n&lt;/ul&gt;\r\n', '2020-10-30 21:06:35', 1, 'MissGlobe_be47b391-1537-46d5-acb4-7c11b60f9d0b_1024x10242x.jpg', NULL),
	(121, 'B&oacute; Hoa Pink Princess', 669000.000, 0.000, 431, 'B&oacute; hoa Pink Princess với sự kết hợp h&agrave;i h&ograve;a giữa hai t&ocirc;ng m&agrave;u hồng v&agrave; xanh l&aacute; của C&aacute;t Tường, Hoa Hồng, Cẩm Chướng v&agrave; Lily. Đ&acirc;y sẽ l&agrave; m&oacute;n qu&agrave; bất ngờ v&agrave; ho&agrave;n hảo d&agrave;nh tặng người thương, gia đ&igrave;nh hoặc bạn b&egrave;.', '&lt;p&gt;&lt;em&gt;B&amp;oacute; Hoa Pink Princess (Phi&amp;ecirc;n Bản Cơ Bản)&amp;nbsp;&lt;/em&gt;gồm:&lt;/p&gt;\r\n\r\n&lt;ul&gt;\r\n	&lt;li&gt;&lt;strong&gt;- 2 B&amp;ocirc;ng LiLy&lt;/strong&gt;&lt;/li&gt;\r\n	&lt;li&gt;&lt;strong&gt;- 6 B&amp;ocirc;ng Hồng&lt;/strong&gt;&lt;/li&gt;\r\n	&lt;li&gt;&lt;strong&gt;- 10 B&amp;ocirc;ng Cẩm Chướng&lt;/strong&gt;&lt;/li&gt;\r\n	&lt;li&gt;&lt;strong&gt;- C&amp;aacute;c loại hoa v&amp;agrave; l&amp;aacute; kh&amp;aacute;c&lt;/strong&gt;&lt;/li&gt;\r\n&lt;/ul&gt;\r\n\r\n&lt;p&gt;&lt;em&gt;B&amp;oacute; Hoa Pink Princess (Phi&amp;ecirc;n Bản Đặc Biệt)&amp;nbsp;&lt;/em&gt;gồm:&lt;/p&gt;\r\n\r\n&lt;ul&gt;\r\n	&lt;li&gt;&lt;strong&gt;- 4 B&amp;ocirc;ng LiLy&lt;/strong&gt;&lt;/li&gt;\r\n	&lt;li&gt;&lt;strong&gt;- 12 B&amp;ocirc;ng Hồng&lt;/strong&gt;&lt;/li&gt;\r\n	&lt;li&gt;&lt;strong&gt;- 20 B&amp;ocirc;ng Cẩm Chướng&lt;/strong&gt;&lt;/li&gt;\r\n	&lt;li&gt;&lt;strong&gt;- C&amp;aacute;c loại hoa v&amp;agrave; l&amp;aacute; kh&amp;aacute;c&lt;/strong&gt;&lt;/li&gt;\r\n&lt;/ul&gt;\r\n', '2020-10-30 21:07:23', 1, 'BoHoaPinkPrincess_c1ac38bc-39bd-4427-9c3b-9bc88d65af15_1024x10242x.jpg', NULL),
	(125, 'B&oacute; Hoa Dear Daises', 769000.000, 0.000, 413, 'B&oacute; hoa c&uacute;c v&agrave;ng ươm kết hợp với hoa hồng v&agrave; nhiều nh&aacute;nh Scabiosa lạ mắt l&agrave; m&oacute;n qu&agrave; xinh xắn để d&agrave;nh tặng người bạn y&ecirc;u thương.', '&lt;p&gt;&lt;em&gt;B&amp;oacute; Hoa Dear Dasies&amp;nbsp;&lt;/em&gt;gồm:&lt;/p&gt;\r\n\r\n&lt;ul&gt;\r\n	&lt;li&gt;&lt;strong&gt;- 15 B&amp;ocirc;ng Hoa Hồng&lt;/strong&gt;&lt;/li&gt;\r\n	&lt;li&gt;&lt;strong&gt;- 30 C&amp;agrave;nh C&amp;uacute;c&lt;/strong&gt;&lt;/li&gt;\r\n	&lt;li&gt;&lt;strong&gt;- Scabiosa&lt;/strong&gt;&lt;/li&gt;\r\n&lt;/ul&gt;\r\n', '2020-10-30 21:08:42', 1, 'BoHoaDearDaises_1024x10242x.jpg', NULL),
	(126, 'B&oacute; Hoa Make Me Smile', 369000.000, 0.000, 327, 'B&oacute; hoa nữ t&iacute;nh v&agrave; ngọt ng&agrave;o với hoa Đồng Tiền nhiều m&agrave;u sắc. Đ&acirc;y sẽ l&agrave; m&oacute;n qu&agrave; bất ngờ v&agrave; ho&agrave;n hảo d&agrave;nh tặng người thương, gia đ&igrave;nh hoặc bạn b&egrave;.', '&lt;p&gt;&lt;em&gt;B&amp;oacute; Hoa Make Me Smile&amp;nbsp;&lt;/em&gt;gồm:&lt;/p&gt;\r\n\r\n&lt;ul&gt;\r\n	&lt;li&gt;&lt;strong&gt;- 24 b&amp;ocirc;ng Hoa Đồng Tiền&lt;/strong&gt;&lt;/li&gt;\r\n&lt;/ul&gt;\r\n', '2020-10-29 20:15:04', 1, 'BoHoaMakeMeSmile_1024x10242x.jpg', NULL),
	(129, 'B&oacute; Hoa Adorable Smile', 199000.000, 0.000, 328, 'B&oacute; Hoa Adorable Smile của nh&agrave; Flowerstore mang phong c&aacute;ch H&agrave;n Quốc nhẹ nh&agrave;ng tươi tắn. Đ&acirc;y chắc chắn sẽ l&agrave; m&oacute;n qu&agrave; ngọt ng&agrave;o v&agrave; tinh tế d&agrave;nh tặng người thương, gia đ&igrave;nh hoặc bạn b&egrave; th&acirc;n y&ecirc;u!', '&lt;p&gt;&lt;em&gt;B&amp;oacute; Hoa Adorable Smile&lt;/em&gt;&amp;nbsp;&lt;em&gt;gồm:&lt;/em&gt;&lt;/p&gt;\r\n\r\n&lt;ul&gt;\r\n	&lt;li&gt;&lt;strong&gt;-&amp;nbsp;3 Hoa Đồng Tiền&lt;/strong&gt;&lt;/li&gt;\r\n	&lt;li&gt;&lt;strong&gt;-&amp;nbsp;&lt;/strong&gt;&lt;strong&gt;Hoa B&amp;aacute;ch Nhật&lt;/strong&gt;&lt;/li&gt;\r\n&lt;/ul&gt;\r\n', '2020-10-29 20:15:54', 1, 'adorablesmileupshopify_1024x10242x.jpg', NULL),
	(130, 'B&oacute; Hoa Passionate Heart', 419000.000, 0.000, 358, 'B&oacute; hoa sang trọng v&agrave; thanh khiết với c&aacute;c loại hoa m&agrave;u đỏ được g&oacute;i xinh xắn. Đ&acirc;y sẽ l&agrave; m&oacute;n qu&agrave; bất ngờ v&agrave; ho&agrave;n hảo d&agrave;nh tặng người thương, gia đ&igrave;nh hoặc bạn b&egrave;.', '&lt;p&gt;&lt;em&gt;B&amp;oacute; Hoa Passionate Heart gồm:&lt;/em&gt;&lt;/p&gt;\r\n\r\n&lt;ul&gt;\r\n	&lt;li&gt;&lt;strong&gt;-&amp;nbsp;06 b&amp;ocirc;ng Hoa Hồng&lt;/strong&gt;&lt;/li&gt;\r\n	&lt;li&gt;&lt;strong&gt;- 06 b&amp;ocirc;ng Đồng Tiền&lt;/strong&gt;&lt;/li&gt;\r\n	&lt;li&gt;&lt;strong&gt;- 06 b&amp;ocirc;ng Cẩm Chướng&lt;/strong&gt;&lt;/li&gt;\r\n	&lt;li&gt;&lt;strong&gt;- C&amp;aacute;c loại hoa v&amp;agrave; l&amp;aacute; kh&amp;aacute;c&lt;/strong&gt;&lt;/li&gt;\r\n&lt;/ul&gt;\r\n', '2020-10-29 20:16:29', 1, 'BoHoaPassionateHeart_1024x10242x.jpg', NULL),
	(131, 'B&oacute; Hoa Angela', 419000.000, 0.000, 131, 'B&oacute; hoa gồm hoa Hồng, hoa Cẩm chướng v&agrave; hoa Đồng tiền được g&oacute;i rất thanh lịch v&agrave; đẹp mắt. Lựa chọn ho&agrave;n hảo cho ng&agrave;y Valentine hoặc bất kỳ dịp đặc biệt n&agrave;o.', '&lt;p&gt;&amp;nbsp;&lt;em&gt;B&amp;oacute; Hoa Angela&lt;/em&gt;&amp;nbsp;&lt;em&gt;(Phi&amp;ecirc;n Bản Cơ Bản)&amp;nbsp;&lt;/em&gt;gồm:&lt;/p&gt;\r\n\r\n&lt;ul&gt;\r\n	&lt;li&gt;&lt;strong&gt;- 03 b&amp;ocirc;ng hoa Hồng&lt;/strong&gt;&lt;/li&gt;\r\n	&lt;li&gt;&lt;strong&gt;- 08 b&amp;ocirc;ng C&amp;uacute;c&lt;/strong&gt;&lt;/li&gt;\r\n	&lt;li&gt;&lt;strong&gt;- 06 b&amp;ocirc;ng Đồng Tiền&lt;/strong&gt;&lt;/li&gt;\r\n	&lt;li&gt;&lt;strong&gt;- 06 b&amp;ocirc;ng Cẩm Chướng&lt;/strong&gt;&lt;/li&gt;\r\n	&lt;li&gt;&lt;strong&gt;- C&amp;aacute;c loại hoa &amp;amp; l&amp;aacute; kh&amp;aacute;c&lt;/strong&gt;&lt;/li&gt;\r\n&lt;/ul&gt;\r\n\r\n&lt;p&gt;&lt;em&gt;B&amp;oacute; Hoa Angela&lt;/em&gt;&amp;nbsp;(Phi&amp;ecirc;n Bản&amp;nbsp;Đặc Biệt) gồm:&lt;/p&gt;\r\n\r\n&lt;ul&gt;\r\n	&lt;li&gt;&lt;strong&gt;- 06 b&amp;ocirc;ng hoa Hồng&lt;/strong&gt;&lt;/li&gt;\r\n	&lt;li&gt;&lt;strong&gt;-&amp;nbsp;16 b&amp;ocirc;ng C&amp;uacute;c&lt;/strong&gt;&lt;/li&gt;\r\n	&lt;li&gt;&lt;strong&gt;-&amp;nbsp;12 b&amp;ocirc;ng Đồng Tiền&lt;/strong&gt;&lt;/li&gt;\r\n	&lt;li&gt;&lt;strong&gt;- 12 b&amp;ocirc;ng Cẩm Chướng&lt;/strong&gt;&lt;/li&gt;\r\n	&lt;li&gt;&lt;strong&gt;- C&amp;aacute;c loại hoa &amp;amp; l&amp;aacute; kh&amp;aacute;c&lt;/strong&gt;&lt;/li&gt;\r\n&lt;/ul&gt;\r\n\r\n&lt;p&gt;&lt;em&gt;B&amp;oacute; Hoa Angela (Phi&amp;ecirc;n Bản&amp;nbsp;Cao Cấp)&amp;nbsp;&lt;/em&gt;gồm:&lt;/p&gt;\r\n\r\n&lt;ul&gt;\r\n	&lt;li&gt;&lt;strong&gt;-&amp;nbsp;12 b&amp;ocirc;ng hoa Hồng&lt;/strong&gt;&lt;/li&gt;\r\n	&lt;li&gt;&lt;strong&gt;- 24 b&amp;ocirc;ng C&amp;uacute;c&lt;/strong&gt;&lt;/li&gt;\r\n	&lt;li&gt;&lt;strong&gt;-&amp;nbsp;18 b&amp;ocirc;ng Đồng Tiền&lt;/strong&gt;&lt;/li&gt;\r\n	&lt;li&gt;&lt;strong&gt;-&amp;nbsp;18 b&amp;ocirc;ng Cẩm Chướng&lt;/strong&gt;&lt;/li&gt;\r\n	&lt;li&gt;&lt;strong&gt;- C&amp;aacute;c loại hoa &amp;amp; l&amp;aacute; kh&amp;aacute;c&lt;/strong&gt;&lt;/li&gt;\r\n&lt;/ul&gt;\r\n', '2020-10-29 20:19:35', 1, '20201029141935_l4yPgz6KJBybKKQAAQpBRYhqgCw5invNDHu5AixF.jpeg', NULL),
	(132, 'B&oacute; Hoa Thả B&igrave;nh Oriental Bloom', 329000.000, 0.000, 330, 'B&oacute; hoa Đồng tiền phong c&aacute;ch cổ điển sẽ mang th&ecirc;m ch&uacute;t m&agrave;u sắc v&agrave; sức sống cho kh&ocirc;ng gian sống của bạn.', '&lt;p&gt;&lt;strong&gt;Gi&amp;aacute; sản phẩm kh&amp;ocirc;ng bao gồm b&amp;igrave;nh.&lt;/strong&gt;&lt;/p&gt;\r\n\r\n&lt;p&gt;&lt;em&gt;B&amp;oacute; hoa&amp;nbsp;Oriental Bloom&amp;nbsp;&amp;nbsp;&lt;/em&gt;gồm&lt;em&gt;:&lt;/em&gt;&lt;/p&gt;\r\n\r\n&lt;ul&gt;\r\n	&lt;li&gt;&lt;strong&gt;&lt;em&gt;- 16 c&amp;agrave;nh Đồng Tiền&lt;/em&gt;&lt;/strong&gt;&lt;/li&gt;\r\n	&lt;li&gt;&lt;strong&gt;&lt;em&gt;- C&amp;aacute;c loại hoa v&amp;agrave; l&amp;aacute; kh&amp;aacute;c&lt;/em&gt;&lt;/strong&gt;&lt;/li&gt;\r\n&lt;/ul&gt;\r\n', '2020-10-30 21:09:57', 1, 'BoHoaTh_BinhOrientalBloom_1024x10242x.jpg', NULL),
	(136, 'Giỏ Hoa Lan Elegant In White', 2159000.000, 0.000, 420, 'Chậu hoa lan hồ điệp Elegant In White kho&aacute;c l&ecirc;n m&igrave;nh một m&agrave;u trắng tinh tươm c&ugrave;ng vẻ ngo&agrave;i c&oacute; ch&uacute;t cổ điển, thanh lịch, cũng v&ocirc; c&ugrave;ng n&ecirc;n thơ.', '&lt;p&gt;&lt;em&gt;Chậu Hoa Elegant In White&lt;/em&gt;&amp;nbsp;gồm:&lt;/p&gt;\r\n\r\n&lt;ul&gt;\r\n	&lt;li&gt;&lt;strong&gt;- 5 c&amp;agrave;nh Lan Hồ Điệp m&amp;agrave;u trắng&lt;/strong&gt;&lt;/li&gt;\r\n	&lt;li&gt;&lt;strong&gt;- Gi&amp;aacute; đ&amp;atilde; bao gồm chậu&lt;/strong&gt;&lt;/li&gt;\r\n&lt;/ul&gt;\r\n', '2020-10-30 21:10:49', 1, 'Gi_HoaLanElegantInWhite_1024x10242x.jpg', NULL),
	(137, 'Chậu Hoa Lan Morning Dew', 4059000.000, 0.000, 381, 'Chậu hoa lan hồ điệp Morning Dew với những b&ocirc;ng hoa trắng muốt tinh kh&ocirc;i như những giọt sương ban mai.', '&lt;p&gt;&lt;em&gt;Chậu Hoa Morning Dew&lt;/em&gt;&amp;nbsp;gồm:&lt;/p&gt;\r\n\r\n&lt;ul&gt;\r\n	&lt;li&gt;&lt;strong&gt;- 9 c&amp;agrave;nh Lan Hồ Điệp m&amp;agrave;u trắng&lt;/strong&gt;&lt;/li&gt;\r\n	&lt;li&gt;&lt;strong&gt;- Gi&amp;aacute; đ&amp;atilde; bao gồm chậu&lt;/strong&gt;&lt;/li&gt;\r\n&lt;/ul&gt;\r\n', '2020-10-30 21:11:51', 1, 'Ch_uHoaLanMorningDew_1024x10242x.jpg', NULL),
	(138, 'Chậu Hoa Lan Break Of Dawn', 599000.000, 0.000, 482, 'Chậu hoa lan hồ điệp Break Of Dawn với dải m&agrave;u đ&ocirc;i mượt m&agrave; như thời điểm chuyển giao giữa đ&ecirc;m v&agrave; ng&agrave;y mới, ph&ugrave; hợp để bạn d&agrave;nh tặng cho người m&igrave;nh y&ecirc;u thương.', '&lt;p&gt;&lt;em&gt;Chậu Hoa Break Of Dawn&amp;nbsp;gồm:&lt;/em&gt;&lt;/p&gt;\r\n\r\n&lt;ul&gt;\r\n	&lt;li&gt;&lt;strong&gt;- 1 c&amp;agrave;nh Lan Hồ Điệp hai m&amp;agrave;u&lt;/strong&gt;&lt;/li&gt;\r\n	&lt;li&gt;&lt;strong&gt;* Gi&amp;aacute; đ&amp;atilde; bao gồm chậu&lt;/strong&gt;&lt;/li&gt;\r\n&lt;/ul&gt;\r\n', '2020-10-30 21:12:38', 1, 'Ch_uHoaLanBreakOfDawn_1024x10242x.jpg', NULL),
	(139, 'Giỏ Hoa Lan Delicacy Of The Moon', 1369000.000, 0.000, 267, 'M&agrave;u t&iacute;m c&oacute; ch&uacute;t huyền ảo, nhưng vẫn tươi mới của c&agrave;nh lan hồ điệp l&agrave; cảm hứng cho c&aacute;i t&ecirc;n của ch&iacute;nh sản phẩm n&agrave;y.', '&lt;p&gt;&lt;em&gt;Chậu Hoa Delicacy Of The Moon&lt;/em&gt;&amp;nbsp;gồm:&lt;/p&gt;\r\n\r\n&lt;ul&gt;\r\n	&lt;li&gt;&lt;strong&gt;- 3 c&amp;agrave;nh Lan Hồ Điệp m&amp;agrave;u t&amp;iacute;m&lt;/strong&gt;&lt;/li&gt;\r\n	&lt;li&gt;&lt;strong&gt;- Gi&amp;aacute; đ&amp;atilde; bao gồm chậu&lt;/strong&gt;&lt;/li&gt;\r\n&lt;/ul&gt;\r\n', '2020-10-30 21:13:32', 1, 'Gi_HoaLanDelicacyOfTheMoon_1024x10242x.jpg', NULL),
	(140, 'Chậu Hoa Lan Vanilla Butterfly', 4499000.000, 0.000, 102, 'Chậu hoa lan hồ điệp Vanilla Butterfly với c&aacute;nh hoa m&agrave;u t&iacute;m nhạt dập d&igrave;u như những c&aacute;nh bướm trong buổi chiều t&agrave;, vừa sang trọng lại vừa v&ocirc; c&ugrave;ng n&ecirc;n thơ.', '&lt;p&gt;Chậu Hoa Vanilla Butterfly&amp;nbsp;gồm:&lt;/p&gt;\r\n\r\n&lt;ul&gt;\r\n	&lt;li&gt;&lt;strong&gt;- 10 c&amp;agrave;nh Lan Hồ Điệp m&amp;agrave;u t&amp;iacute;m&lt;/strong&gt;&lt;/li&gt;\r\n	&lt;li&gt;&lt;strong&gt;- Gi&amp;aacute; đ&amp;atilde; bao gồm chậu&lt;/strong&gt;&lt;/li&gt;\r\n&lt;/ul&gt;\r\n', '2020-10-30 21:14:33', 1, 'Ch_uHoaLanVanillaButterfly_1024x10242x.jpg', NULL),
	(141, 'Chậu Hoa Lan Spring In Blossom', 4059000.000, 0.000, 402, 'Sự kết hợp của hai m&agrave;u lan hồ điệp trắng v&agrave; t&iacute;m mang lại vẻ đẹp vừa xum xu&ecirc; vừa cổ điển, cũng l&agrave; h&agrave;m &yacute; rất tốt l&agrave;nh d&agrave;nh cho người bạn y&ecirc;u mến.', '&lt;p&gt;&lt;em&gt;Chậu Hoa Spring In Blossom&lt;/em&gt;&amp;nbsp;gồm:&lt;/p&gt;\r\n\r\n&lt;ul&gt;\r\n	&lt;li&gt;&lt;strong&gt;- 9 c&amp;agrave;nh Lan Hồ Điệp m&amp;agrave;u trắng v&amp;agrave; t&amp;iacute;m&lt;/strong&gt;&lt;/li&gt;\r\n	&lt;li&gt;&lt;strong&gt;- Gi&amp;aacute; đ&amp;atilde; bao gồm chậu&lt;/strong&gt;&lt;/li&gt;\r\n&lt;/ul&gt;\r\n', '2020-10-29 20:13:15', 1, 'Ch_uHoaLanSpringInBlossom_1024x10242x.jpg', NULL),
	(142, 'Giỏ Hoa Lan Gentle Brightness', 569000.000, 0.000, 298, 'Chậu hoa lan để b&agrave;n tươi tắn nhờ sắc hoa v&agrave;ng sẽ gi&uacute;p cải thiện kh&ocirc;ng những t&acirc;m trạng m&agrave; cả kh&ocirc;ng gian của người bạn y&ecirc;u thương đ&oacute;!', '&lt;p&gt;&lt;em&gt;Chậu Hoa Gentle Brightness&lt;/em&gt;&amp;nbsp;gồm:&lt;/p&gt;\r\n\r\n&lt;ul&gt;\r\n	&lt;li&gt;&lt;strong&gt;- 1 c&amp;agrave;nh Lan Hồ Điệp m&amp;agrave;u v&amp;agrave;ng&lt;/strong&gt;&lt;/li&gt;\r\n	&lt;li&gt;&lt;strong&gt;- Gi&amp;aacute; đ&amp;atilde; bao gồm chậu&lt;/strong&gt;&lt;/li&gt;\r\n&lt;/ul&gt;\r\n', '2020-10-29 20:11:42', 1, 'Gi_HoaLanGentleBrightness_1024x10242x.jpg', NULL),
	(143, 'Giỏ Hoa Lan Spring Light', 1229000.000, 0.000, 101, 'Chậu hoa lan Spring Light bừng s&aacute;ng như một buổi sớm m&ugrave;a xu&acirc;n nhờ m&agrave;u v&agrave;ng tươi tắn của hồ điệp c&ugrave;ng chất liệu giỏ nhẹ nh&agrave;ng, mộc mạc. ', '&lt;p&gt;&lt;em&gt;Chậu Hoa Spring Light&lt;/em&gt;&amp;nbsp;gồm:&lt;/p&gt;\r\n\r\n&lt;ul&gt;\r\n	&lt;li&gt;&lt;strong&gt;- 2 c&amp;agrave;nh Lan Hồ Điệp m&amp;agrave;u v&amp;agrave;ng&lt;/strong&gt;&lt;/li&gt;\r\n	&lt;li&gt;&lt;strong&gt;- Gi&amp;aacute; đ&amp;atilde; bao gồm chậu&lt;/strong&gt;&lt;/li&gt;\r\n&lt;/ul&gt;\r\n', '2020-10-29 20:11:02', 1, 'Gi_HoaLanSpringLight_1024x10242x.jpg', NULL),
	(144, 'Chậu Hoa Lan Melody Of Joy', 2329000.000, 0.000, 283, 'Chậu hoa lan hồ điệp Melody Of Joy v&agrave;ng rực rỡ vừa sang trọng lại tươi tắn, ph&ugrave; hợp d&agrave;nh tặng cho người bạn y&ecirc;u qu&yacute;.', '&lt;p&gt;&lt;em&gt;Chậu Hoa Melody Of Joy&lt;/em&gt;&amp;nbsp;gồm:&lt;/p&gt;\r\n\r\n&lt;ul&gt;\r\n	&lt;li&gt;&lt;strong&gt;- 5 c&amp;agrave;nh Lan Hồ Điệp m&amp;agrave;u v&amp;agrave;ng&lt;/strong&gt;&lt;/li&gt;\r\n	&lt;li&gt;&lt;strong&gt;- Gi&amp;aacute; đ&amp;atilde; bao gồm chậu&lt;/strong&gt;&lt;/li&gt;\r\n&lt;/ul&gt;\r\n', '2020-10-29 20:10:17', 1, 'Ch_uHoaLanMelodyOfJoy_1024x10242x.jpg', NULL),
	(145, 'B&oacute; Hoa Thả B&igrave;nh Hoa Đất', 1099000.000, 0.000, 302, 'Địa lan - lo&agrave;i hoa mang c&aacute;i t&ecirc;n giản dị lại tr&ocirc;ng v&ocirc; c&ugrave;ng xinh đẹp v&agrave; ki&ecirc;u kỳ, hứa hẹn sẽ mang đến cho người nhận bao nhi&ecirc;u lời trầm trồ từ những người c&oacute; dịp tr&ocirc;ng thấy!', '&lt;p&gt;&lt;strong&gt;Setup Hoa Đất sẽ được chuẩn bị sẵn như h&amp;igrave;nh để khi giao đến bạn v&amp;agrave; người nhận chỉ cần cắm ngay v&amp;agrave;o b&amp;igrave;nh v&amp;agrave; đem trưng th&amp;ocirc;i.&lt;/strong&gt;&lt;/p&gt;\r\n\r\n&lt;p&gt;&lt;strong&gt;Gi&amp;aacute; sản phẩm kh&amp;ocirc;ng bao gồm b&amp;igrave;nh.&lt;/strong&gt;&lt;/p&gt;\r\n\r\n&lt;p&gt;&lt;em&gt;B&amp;oacute; Hoa Hoa Đất&lt;/em&gt;&amp;nbsp;gồm:&lt;/p&gt;\r\n\r\n&lt;ul&gt;\r\n	&lt;li&gt;&lt;strong&gt;- 3 c&amp;agrave;nh Địa Lan&lt;/strong&gt;&lt;/li&gt;\r\n	&lt;li&gt;&lt;strong&gt;- L&amp;aacute; Bạc&lt;/strong&gt;&lt;/li&gt;\r\n	&lt;li&gt;&lt;strong&gt;- C&amp;aacute;c loại hoa v&amp;agrave; l&amp;aacute; nhập khẩu kh&amp;aacute;c&lt;/strong&gt;&lt;/li&gt;\r\n&lt;/ul&gt;\r\n', '2020-10-29 20:09:19', 1, 'BoHoaTh_BinhHoaD_t_1024x10242x.jpg', NULL),
	(146, 'Chậu Hoa Lan Parade Of Magenta', 1899000.000, 0.000, 301, 'Những c&aacute;nh hoa điệu đ&agrave;ng trong m&agrave;u &aacute;o t&iacute;m lụa l&agrave;, mềm mượt l&agrave; lựa chọn xinh đẹp v&agrave; tinh tế để bạn c&oacute; thể d&agrave;nh tặng cho người bạn y&ecirc;u thương trong bất kỳ dịp đặc biệt n&agrave;o.', '&lt;p&gt;&lt;em&gt;Chậu Hoa&amp;nbsp;Parade Of Magenta&amp;nbsp;&lt;/em&gt;gồm:&lt;/p&gt;\r\n\r\n&lt;ul&gt;\r\n	&lt;li&gt;&lt;strong&gt;- 4 c&amp;agrave;nh Lan Hồ Điệp m&amp;agrave;u hồng t&amp;iacute;m&lt;/strong&gt;&lt;/li&gt;\r\n	&lt;li&gt;&lt;strong&gt;- Gi&amp;aacute; đ&amp;atilde; bao gồm chậu&lt;/strong&gt;&lt;/li&gt;\r\n&lt;/ul&gt;\r\n', '2020-10-29 20:08:13', 1, 'Ch_uHoaLanParadeOfMagenta_1024x10242x.jpg', NULL),
	(147, 'Chậu Hoa Lan Midnight', 1469000.000, 0.000, 222, 'Chậu hoa lan hồ điệp Midnight m&agrave;u t&iacute;m đậm sẽ l&agrave; m&oacute;n qu&agrave; sang trọng d&agrave;nh tặng cho người bạn y&ecirc;u qu&yacute;.', '&lt;p&gt;&lt;em&gt;Chậu Hoa Lan Midnight gồm:&lt;/em&gt;&lt;/p&gt;\r\n\r\n&lt;ul&gt;\r\n	&lt;li&gt;&lt;strong&gt;- 3 c&amp;agrave;nh Lan Hồ Điệp m&amp;agrave;u t&amp;iacute;m&lt;/strong&gt;&lt;/li&gt;\r\n	&lt;li&gt;&lt;strong&gt;- Gi&amp;aacute; đ&amp;atilde; bao gồm chậu&lt;/strong&gt;&lt;/li&gt;\r\n&lt;/ul&gt;\r\n', '2020-10-29 20:07:39', 1, 'Ch_uHoaLanMidnight_1024x10242x.jpg', NULL);
/*!40000 ALTER TABLE `sanpham` ENABLE KEYS */;

-- Dumping structure for table shophoa.sanpham_has_chude
CREATE TABLE IF NOT EXISTS `sanpham_has_chude` (
  `sanpham_sp_id` int(11) NOT NULL,
  `chude_cd_id` int(10) NOT NULL,
  PRIMARY KEY (`sanpham_sp_id`,`chude_cd_id`),
  KEY `FK_sanpham_has_chude_sanpham` (`sanpham_sp_id`),
  KEY `FK_sanpham_has_chude_chude` (`chude_cd_id`),
  CONSTRAINT `FK_sanpham_has_chude_chude` FOREIGN KEY (`chude_cd_id`) REFERENCES `chude` (`cd_id`) ON UPDATE CASCADE,
  CONSTRAINT `FK_sanpham_has_chude_sanpham` FOREIGN KEY (`sanpham_sp_id`) REFERENCES `sanpham` (`sp_id`) ON UPDATE CASCADE
) ENGINE=InnoDB DEFAULT CHARSET=utf8mb4 COLLATE=utf8mb4_unicode_ci;

-- Dumping data for table shophoa.sanpham_has_chude: ~212 rows (approximately)
/*!40000 ALTER TABLE `sanpham_has_chude` DISABLE KEYS */;
INSERT INTO `sanpham_has_chude` (`sanpham_sp_id`, `chude_cd_id`) VALUES
	(1, 2),
	(1, 4),
	(1, 5),
	(2, 1),
	(2, 2),
	(2, 4),
	(2, 5),
	(5, 2),
	(5, 4),
	(5, 5),
	(5, 6),
	(7, 4),
	(7, 5),
	(7, 6),
	(11, 1),
	(11, 2),
	(12, 1),
	(12, 5),
	(12, 6),
	(14, 1),
	(14, 2),
	(14, 4),
	(14, 5),
	(16, 2),
	(16, 5),
	(16, 6),
	(20, 1),
	(20, 2),
	(20, 6),
	(21, 2),
	(21, 5),
	(28, 1),
	(28, 4),
	(28, 5),
	(28, 6),
	(33, 1),
	(33, 2),
	(34, 1),
	(38, 1),
	(38, 4),
	(38, 5),
	(50, 1),
	(50, 4),
	(50, 6),
	(50, 7),
	(52, 1),
	(52, 2),
	(52, 4),
	(52, 5),
	(52, 6),
	(53, 1),
	(53, 4),
	(53, 5),
	(53, 6),
	(54, 1),
	(54, 2),
	(54, 4),
	(54, 6),
	(55, 1),
	(55, 4),
	(55, 5),
	(55, 6),
	(56, 1),
	(56, 2),
	(56, 4),
	(56, 5),
	(57, 1),
	(57, 4),
	(57, 5),
	(57, 6),
	(58, 1),
	(58, 4),
	(58, 5),
	(58, 6),
	(66, 7),
	(67, 4),
	(67, 6),
	(67, 7),
	(71, 1),
	(71, 5),
	(71, 6),
	(72, 1),
	(72, 2),
	(72, 4),
	(72, 5),
	(72, 6),
	(74, 1),
	(74, 2),
	(74, 4),
	(75, 1),
	(75, 4),
	(75, 6),
	(77, 5),
	(77, 6),
	(80, 4),
	(80, 5),
	(80, 6),
	(82, 2),
	(82, 5),
	(82, 6),
	(84, 5),
	(85, 1),
	(85, 2),
	(85, 4),
	(85, 5),
	(85, 6),
	(86, 1),
	(86, 2),
	(87, 1),
	(87, 2),
	(87, 4),
	(88, 1),
	(88, 2),
	(88, 4),
	(89, 1),
	(89, 2),
	(90, 1),
	(90, 2),
	(91, 1),
	(92, 4),
	(92, 6),
	(93, 1),
	(93, 5),
	(93, 6),
	(94, 1),
	(94, 2),
	(94, 4),
	(96, 2),
	(96, 4),
	(96, 6),
	(96, 7),
	(100, 1),
	(100, 2),
	(100, 5),
	(101, 1),
	(101, 2),
	(102, 1),
	(102, 2),
	(102, 4),
	(103, 1),
	(103, 2),
	(103, 5),
	(104, 1),
	(104, 2),
	(104, 4),
	(104, 5),
	(105, 1),
	(105, 2),
	(105, 4),
	(105, 7),
	(107, 3),
	(108, 1),
	(108, 5),
	(108, 6),
	(111, 1),
	(111, 5),
	(111, 6),
	(115, 1),
	(116, 1),
	(116, 6),
	(117, 1),
	(117, 2),
	(117, 4),
	(117, 5),
	(117, 6),
	(118, 1),
	(118, 2),
	(118, 4),
	(118, 5),
	(119, 1),
	(120, 6),
	(121, 1),
	(125, 5),
	(126, 1),
	(126, 6),
	(129, 1),
	(129, 2),
	(130, 1),
	(130, 2),
	(130, 4),
	(130, 5),
	(130, 6),
	(131, 1),
	(131, 6),
	(132, 2),
	(132, 6),
	(136, 4),
	(137, 4),
	(137, 7),
	(138, 4),
	(138, 6),
	(138, 7),
	(139, 4),
	(140, 4),
	(140, 7),
	(141, 4),
	(141, 7),
	(142, 4),
	(142, 6),
	(142, 7),
	(143, 4),
	(143, 6),
	(143, 7),
	(144, 4),
	(144, 7),
	(145, 4),
	(145, 6),
	(146, 4),
	(146, 7),
	(147, 4),
	(147, 6),
	(147, 7);
/*!40000 ALTER TABLE `sanpham_has_chude` ENABLE KEYS */;

-- Dumping structure for table shophoa.sanpham_has_loaihoa
CREATE TABLE IF NOT EXISTS `sanpham_has_loaihoa` (
  `sanpham_sp_id` int(11) NOT NULL,
  `loaihoa_lh_id` int(10) NOT NULL,
  PRIMARY KEY (`sanpham_sp_id`,`loaihoa_lh_id`),
  KEY `fk_sanpham_has_loaihoa_loaihoa1_idx` (`loaihoa_lh_id`),
  KEY `fk_sanpham_has_loaihoa_sanpham1_idx` (`sanpham_sp_id`),
  CONSTRAINT `fk_sanpham_has_loaihoa_loaihoa1` FOREIGN KEY (`loaihoa_lh_id`) REFERENCES `loaihoa` (`lh_id`) ON UPDATE CASCADE,
  CONSTRAINT `fk_sanpham_has_loaihoa_sanpham1` FOREIGN KEY (`sanpham_sp_id`) REFERENCES `sanpham` (`sp_id`) ON UPDATE CASCADE
) ENGINE=InnoDB DEFAULT CHARSET=utf8mb4 COLLATE=utf8mb4_unicode_ci;

-- Dumping data for table shophoa.sanpham_has_loaihoa: ~114 rows (approximately)
/*!40000 ALTER TABLE `sanpham_has_loaihoa` DISABLE KEYS */;
INSERT INTO `sanpham_has_loaihoa` (`sanpham_sp_id`, `loaihoa_lh_id`) VALUES
	(1, 1),
	(1, 3),
	(1, 7),
	(2, 1),
	(2, 7),
	(5, 1),
	(7, 1),
	(7, 6),
	(7, 8),
	(11, 1),
	(11, 6),
	(12, 1),
	(14, 1),
	(16, 1),
	(20, 1),
	(20, 8),
	(21, 1),
	(21, 8),
	(28, 1),
	(33, 1),
	(34, 1),
	(38, 1),
	(38, 6),
	(50, 2),
	(50, 5),
	(52, 2),
	(52, 5),
	(53, 2),
	(53, 5),
	(54, 2),
	(54, 6),
	(55, 2),
	(56, 2),
	(57, 2),
	(57, 8),
	(58, 2),
	(66, 2),
	(67, 2),
	(67, 3),
	(67, 6),
	(71, 3),
	(72, 3),
	(72, 4),
	(72, 7),
	(74, 3),
	(74, 6),
	(75, 3),
	(77, 3),
	(80, 3),
	(82, 4),
	(84, 4),
	(85, 4),
	(86, 4),
	(87, 4),
	(88, 4),
	(89, 4),
	(90, 4),
	(91, 4),
	(92, 4),
	(93, 4),
	(94, 4),
	(96, 4),
	(96, 6),
	(100, 5),
	(100, 7),
	(100, 8),
	(101, 5),
	(102, 3),
	(102, 5),
	(103, 5),
	(104, 5),
	(105, 5),
	(107, 5),
	(107, 7),
	(108, 6),
	(111, 3),
	(111, 6),
	(111, 8),
	(115, 6),
	(116, 6),
	(116, 8),
	(117, 6),
	(118, 7),
	(119, 7),
	(120, 6),
	(120, 7),
	(121, 3),
	(121, 4),
	(121, 7),
	(125, 7),
	(126, 8),
	(129, 7),
	(129, 8),
	(130, 8),
	(131, 8),
	(131, 9),
	(132, 8),
	(136, 9),
	(137, 8),
	(137, 9),
	(138, 8),
	(138, 9),
	(139, 9),
	(140, 3),
	(140, 9),
	(141, 8),
	(141, 9),
	(142, 8),
	(142, 9),
	(143, 9),
	(144, 9),
	(145, 6),
	(145, 9),
	(146, 9),
	(147, 9);
/*!40000 ALTER TABLE `sanpham_has_loaihoa` ENABLE KEYS */;

-- Dumping structure for table shophoa.sanpham_has_mauhoa
CREATE TABLE IF NOT EXISTS `sanpham_has_mauhoa` (
  `sanpham_sp_id` int(11) NOT NULL,
  `mauhoa_mh_id` int(10) NOT NULL,
  PRIMARY KEY (`sanpham_sp_id`,`mauhoa_mh_id`),
  KEY `fk_sanpham_has_mauhoa_mauhoa1_idx` (`mauhoa_mh_id`),
  KEY `fk_sanpham_has_mauhoa_sanpham1_idx` (`sanpham_sp_id`),
  CONSTRAINT `fk_sanpham_has_mauhoa_mauhoa1` FOREIGN KEY (`mauhoa_mh_id`) REFERENCES `mauhoa` (`mh_id`) ON UPDATE CASCADE,
  CONSTRAINT `fk_sanpham_has_mauhoa_sanpham1` FOREIGN KEY (`sanpham_sp_id`) REFERENCES `sanpham` (`sp_id`) ON UPDATE CASCADE
) ENGINE=InnoDB DEFAULT CHARSET=utf8mb4 COLLATE=utf8mb4_unicode_ci;

-- Dumping data for table shophoa.sanpham_has_mauhoa: ~95 rows (approximately)
/*!40000 ALTER TABLE `sanpham_has_mauhoa` DISABLE KEYS */;
INSERT INTO `sanpham_has_mauhoa` (`sanpham_sp_id`, `mauhoa_mh_id`) VALUES
	(1, 1),
	(2, 1),
	(2, 8),
	(5, 6),
	(7, 2),
	(11, 8),
	(12, 7),
	(14, 1),
	(16, 6),
	(20, 6),
	(21, 6),
	(28, 2),
	(33, 9),
	(34, 6),
	(38, 3),
	(38, 8),
	(50, 3),
	(52, 3),
	(53, 3),
	(54, 3),
	(55, 3),
	(56, 3),
	(57, 3),
	(58, 3),
	(58, 5),
	(66, 2),
	(66, 3),
	(67, 3),
	(71, 7),
	(72, 5),
	(72, 6),
	(74, 7),
	(74, 8),
	(75, 3),
	(75, 5),
	(77, 3),
	(80, 1),
	(80, 2),
	(82, 5),
	(84, 5),
	(85, 4),
	(86, 6),
	(87, 4),
	(88, 6),
	(89, 6),
	(90, 6),
	(91, 6),
	(92, 6),
	(92, 7),
	(93, 3),
	(93, 9),
	(94, 1),
	(96, 6),
	(100, 9),
	(101, 1),
	(101, 8),
	(102, 1),
	(103, 6),
	(104, 6),
	(105, 6),
	(107, 7),
	(108, 3),
	(111, 6),
	(115, 4),
	(115, 9),
	(116, 7),
	(117, 6),
	(117, 7),
	(118, 2),
	(118, 6),
	(119, 9),
	(120, 6),
	(121, 6),
	(125, 3),
	(126, 2),
	(126, 6),
	(129, 2),
	(130, 1),
	(131, 6),
	(132, 1),
	(132, 3),
	(132, 6),
	(136, 9),
	(137, 9),
	(138, 7),
	(139, 7),
	(140, 7),
	(141, 7),
	(141, 9),
	(142, 3),
	(143, 3),
	(144, 3),
	(145, 3),
	(146, 7),
	(147, 7);
/*!40000 ALTER TABLE `sanpham_has_mauhoa` ENABLE KEYS */;

/*!40101 SET SQL_MODE=IFNULL(@OLD_SQL_MODE, '') */;
/*!40014 SET FOREIGN_KEY_CHECKS=IF(@OLD_FOREIGN_KEY_CHECKS IS NULL, 1, @OLD_FOREIGN_KEY_CHECKS) */;
/*!40101 SET CHARACTER_SET_CLIENT=@OLD_CHARACTER_SET_CLIENT */;
